Workbook

Sheet 💰 Transaction ขาย
A1: วันที่ | B1: ชื่อสินค้า | C1: ราคา | D1: หน่วยนับ | E1: จำนวนที่ขาย | F1: มูลค่ารวม | G1: ต้นทุนเฉลี่ยรวม | H1: กำไรขั้นต้น | I1: %กำไรขั้นต้น | J1: ปีเดือน | K1: กลุ่มสินค้า | L1: Date | M1: หมายเหตุ
A2: 45437 | B2: 831 สีโอรส | D2: โล | F2: =IF(LEN(B2)>0,C2*E2,"") -> 0 | G2: =IF(LEN(B2)>0,vlookup(B2,'📊 รายงานสินค้าคงเหลือ'!A:G,6,false)*E2,) -> 0 | H2: =IF(LEN(B2)>0,F2-G2,) -> 0 | I2: =IF(LEN(B2)>0,H2/F2,) -> #DIV/0! | J2: =IF(A2<>"",YEAR(A2)&"-"&MONTH(A2),"") -> 2024-5 | K2: =IFERROR(IF(A2<>"",VLOOKUP(B2,'📦 ชื่อสินค้า'!A:F,6,false),""),) -> รุ่นสีอ่อน | L2: =IF(A2<>"",A2,) -> 45437
A3: 45411 | B3: 881 เปลือกไม้ รุ่นหยัก | C3: 250 | D3: โล | E3: 1 | F3: =IF(LEN(B3)>0,C3*E3,"") -> 250 | G3: =IF(LEN(B3)>0,vlookup(B3,'📊 รายงานสินค้าคงเหลือ'!A:G,6,false)*E3,) -> #VALUE! | H3: =IF(LEN(B3)>0,F3-G3,) -> #VALUE! | I3: =IF(LEN(B3)>0,H3/F3,) -> #VALUE! | J3: =IF(A3<>"",YEAR(A3)&"-"&MONTH(A3),"") -> 2024-4 | K3: =IFERROR(IF(A3<>"",VLOOKUP(B3,'📦 ชื่อสินค้า'!A:F,6,false),""),) -> รุ่นหยัก | L3: =IF(A3<>"",A3,) -> 45411
A4: 45426 | B4: 881 เปลือกไม้ | C4: 150 | D4: โล | E4: 20 | F4: =IF(LEN(B4)>0,C4*E4,"") -> 3000 | G4: =IF(LEN(B4)>0,vlookup(B4,'📊 รายงานสินค้าคงเหลือ'!A:G,6,false)*E4,) -> 1600 | H4: =IF(LEN(B4)>0,F4-G4,) -> 1400 | I4: =IF(LEN(B4)>0,H4/F4,) -> 0.46666667 | J4: =IF(A4<>"",YEAR(A4)&"-"&MONTH(A4),"") -> 2024-5 | K4: =IFERROR(IF(A4<>"",VLOOKUP(B4,'📦 ชื่อสินค้า'!A:F,6,false),""),) -> รุ่นสีอ่อน | L4: =IF(A4<>"",A4,) -> 45426
A5: 45430 | B5: 521 ครีม | C5: 150 | D5: โล | E5: 3 | F5: =IF(LEN(B5)>0,C5*E5,"") -> 450 | G5: =IF(LEN(B5)>0,vlookup(B5,'📊 รายงานสินค้าคงเหลือ'!A:G,6,false)*E5,) -> 240 | H5: =IF(LEN(B5)>0,F5-G5,) -> 210 | I5: =IF(LEN(B5)>0,H5/F5,) -> 0.46666667 | J5: =IF(A5<>"",YEAR(A5)&"-"&MONTH(A5),"") -> 2024-5 | K5: =IFERROR(IF(A5<>"",VLOOKUP(B5,'📦 ชื่อสินค้า'!A:F,6,false),""),) -> รุ่นสีอ่อน | L5: =IF(A5<>"",A5,) -> 45430
A6: 45430 | B6: 831 สีโอรส | C6: 150 | D6: โล | E6: 3 | F6: =IF(LEN(B6)>0,C6*E6,"") -> 450 | G6: =IF(LEN(B6)>0,vlookup(B6,'📊 รายงานสินค้าคงเหลือ'!A:G,6,false)*E6,) -> 240 | H6: =IF(LEN(B6)>0,F6-G6,) -> 210 | I6: =IF(LEN(B6)>0,H6/F6,) -> 0.46666667 | J6: =IF(A6<>"",YEAR(A6)&"-"&MONTH(A6),"") -> 2024-5 | K6: =IFERROR(IF(A6<>"",VLOOKUP(B6,'📦 ชื่อสินค้า'!A:F,6,false),""),) -> รุ่นสีอ่อน | L6: =IF(A6<>"",A6,) -> 45430
A7: 45430 | B7: 853 ชมพูพาสเทล | C7: 150 | D7: โล | E7: 1 | F7: =IF(LEN(B7)>0,C7*E7,"") -> 150 | G7: =IF(LEN(B7)>0,vlookup(B7,'📊 รายงานสินค้าคงเหลือ'!A:G,6,false)*E7,) -> #VALUE! | H7: =IF(LEN(B7)>0,F7-G7,) -> #VALUE! | I7: =IF(LEN(B7)>0,H7/F7,) -> #VALUE! | J7: =IF(A7<>"",YEAR(A7)&"-"&MONTH(A7),"") -> 2024-5 | K7: =IFERROR(IF(A7<>"",VLOOKUP(B7,'📦 ชื่อสินค้า'!A:F,6,false),""),) -> รุ่นสีอ่อน | L7: =IF(A7<>"",A7,) -> 45430
A8: 45430 | B8: 860 ม่วงอ่อน | C8: 150 | D8: โล | E8: 2 | F8: =IF(LEN(B8)>0,C8*E8,"") -> 300 | G8: =IF(LEN(B8)>0,vlookup(B8,'📊 รายงานสินค้าคงเหลือ'!A:G,6,false)*E8,) -> 160 | H8: =IF(LEN(B8)>0,F8-G8,) -> 140 | I8: =IF(LEN(B8)>0,H8/F8,) -> 0.46666667 | J8: =IF(A8<>"",YEAR(A8)&"-"&MONTH(A8),"") -> 2024-5 | K8: =IFERROR(IF(A8<>"",VLOOKUP(B8,'📦 ชื่อสินค้า'!A:F,6,false),""),) -> รุ่นสีอ่อน | L8: =IF(A8<>"",A8,) -> 45430
A9: 45430 | B9: 862 ฟ้า PT อ่อน | C9: 150 | D9: โล | E9: 4 | F9: =IF(LEN(B9)>0,C9*E9,"") -> 600 | G9: =IF(LEN(B9)>0,vlookup(B9,'📊 รายงานสินค้าคงเหลือ'!A:G,6,false)*E9,) -> #VALUE! | H9: =IF(LEN(B9)>0,F9-G9,) -> #VALUE! | I9: =IF(LEN(B9)>0,H9/F9,) -> #VALUE! | J9: =IF(A9<>"",YEAR(A9)&"-"&MONTH(A9),"") -> 2024-5 | K9: =IFERROR(IF(A9<>"",VLOOKUP(B9,'📦 ชื่อสินค้า'!A:F,6,false),""),) -> รุ่นสีอ่อน | L9: =IF(A9<>"",A9,) -> 45430
A10: 45430 | B10: 510 ขาวธรรมชาติ | C10: 150 | D10: โล | E10: 20 | F10: =IF(LEN(B10)>0,C10*E10,"") -> 3000 | G10: =IF(LEN(B10)>0,vlookup(B10,'📊 รายงานสินค้าคงเหลือ'!A:G,6,false)*E10,) -> 1687.9558 | H10: =IF(LEN(B10)>0,F10-G10,) -> 1312.0442 | I10: =IF(LEN(B10)>0,H10/F10,) -> 0.43734807 | J10: =IF(A10<>"",YEAR(A10)&"-"&MONTH(A10),"") -> 2024-5 | K10: =IFERROR(IF(A10<>"",VLOOKUP(B10,'📦 ชื่อสินค้า'!A:F,6,false),""),) -> รุ่นสีอ่อน | L10: =IF(A10<>"",A10,) -> 45430
A11: 45430 | B11: 521 ครีม | C11: 150 | D11: โล | E11: 10 | F11: =IF(LEN(B11)>0,C11*E11,"") -> 1500 | G11: =IF(LEN(B11)>0,vlookup(B11,'📊 รายงานสินค้าคงเหลือ'!A:G,6,false)*E11,) -> 800 | H11: =IF(LEN(B11)>0,F11-G11,) -> 700 | I11: =IF(LEN(B11)>0,H11/F11,) -> 0.46666667 | J11: =IF(A11<>"",YEAR(A11)&"-"&MONTH(A11),"") -> 2024-5 | K11: =IFERROR(IF(A11<>"",VLOOKUP(B11,'📦 ชื่อสินค้า'!A:F,6,false),""),) -> รุ่นสีอ่อน | L11: =IF(A11<>"",A11,) -> 45430
A12: 45430 | B12: 522 เหลืองอ่อน | C12: 150 | D12: โล | E12: 10 | F12: =IF(LEN(B12)>0,C12*E12,"") -> 1500 | G12: =IF(LEN(B12)>0,vlookup(B12,'📊 รายงานสินค้าคงเหลือ'!A:G,6,false)*E12,) -> #VALUE! | H12: =IF(LEN(B12)>0,F12-G12,) -> #VALUE! | I12: =IF(LEN(B12)>0,H12/F12,) -> #VALUE! | J12: =IF(A12<>"",YEAR(A12)&"-"&MONTH(A12),"") -> 2024-5 | K12: =IFERROR(IF(A12<>"",VLOOKUP(B12,'📦 ชื่อสินค้า'!A:F,6,false),""),) -> รุ่นสีอ่อน | L12: =IF(A12<>"",A12,) -> 45430
A13: 45430 | B13: 831 สีโอรส | C13: 150 | D13: โล | E13: 10 | F13: =IF(LEN(B13)>0,C13*E13,"") -> 1500 | G13: =IF(LEN(B13)>0,vlookup(B13,'📊 รายงานสินค้าคงเหลือ'!A:G,6,false)*E13,) -> 800 | H13: =IF(LEN(B13)>0,F13-G13,) -> 700 | I13: =IF(LEN(B13)>0,H13/F13,) -> 0.46666667 | J13: =IF(A13<>"",YEAR(A13)&"-"&MONTH(A13),"") -> 2024-5 | K13: =IFERROR(IF(A13<>"",VLOOKUP(B13,'📦 ชื่อสินค้า'!A:F,6,false),""),) -> รุ่นสีอ่อน | L13: =IF(A13<>"",A13,) -> 45430
A14: 45430 | B14: 552 ชมพูเข้ม | C14: 150 | D14: โล | E14: 10 | F14: =IF(LEN(B14)>0,C14*E14,"") -> 1500 | G14: =IF(LEN(B14)>0,vlookup(B14,'📊 รายงานสินค้าคงเหลือ'!A:G,6,false)*E14,) -> 800 | H14: =IF(LEN(B14)>0,F14-G14,) -> 700 | I14: =IF(LEN(B14)>0,H14/F14,) -> 0.46666667 | J14: =IF(A14<>"",YEAR(A14)&"-"&MONTH(A14),"") -> 2024-5 | K14: =IFERROR(IF(A14<>"",VLOOKUP(B14,'📦 ชื่อสินค้า'!A:F,6,false),""),) -> รุ่นสีอ่อน | L14: =IF(A14<>"",A14,) -> 45430
... A20: 45430 | B20: 882 กาแฟ | C20: 150 | D20: โล | E20: 10 | F20: =IF(LEN(B20)>0,C20*E20,"") -> 1500 | G20: =IF(LEN(B20)>0,vlookup(B20,'📊 รายงานสินค้าคงเหลือ'!A:G,6,false)*E20,) -> #VALUE! | H20: =IF(LEN(B20)>0,F20-G20,) -> #VALUE! | I20: =IF(LEN(B20)>0,H20/F20,) -> #VALUE! | J20: =IF(A20<>"",YEAR(A20)&"-"&MONTH(A20),"") -> 2024-5 | K20: =IFERROR(IF(A20<>"",VLOOKUP(B20,'📦 ชื่อสินค้า'!A:F,6,false),""),) -> รุ่นสีอ่อน | L20: =IF(A20<>"",A20,) -> 45430
D21: โล | F21: =IF(LEN(B21)>0,C21*E21,"") | G21: =IF(LEN(B21)>0,vlookup(B21,'📊 รายงานสินค้าคงเหลือ'!A:G,6,false)*E21,) | H21: =IF(LEN(B21)>0,F21-G21,) | I21: =IF(LEN(B21)>0,H21/F21,) | J21: =IF(A21<>"",YEAR(A21)&"-"&MONTH(A21),"") | K21: =IFERROR(IF(A21<>"",VLOOKUP(B21,'📦 ชื่อสินค้า'!A:F,6,false),""),) | L21: =IF(A21<>"",A21,)
D22: โล | F22: =IF(LEN(B22)>0,C22*E22,"") | G22: =IF(LEN(B22)>0,vlookup(B22,'📊 รายงานสินค้าคงเหลือ'!A:G,6,false)*E22,) | H22: =IF(LEN(B22)>0,F22-G22,) | I22: =IF(LEN(B22)>0,H22/F22,) | J22: =IF(A22<>"",YEAR(A22)&"-"&MONTH(A22),"") | K22: =IFERROR(IF(A22<>"",VLOOKUP(B22,'📦 ชื่อสินค้า'!A:F,6,false),""),) | L22: =IF(A22<>"",A22,)
D23: โล | F23: =IF(LEN(B23)>0,C23*E23,"") | G23: =IF(LEN(B23)>0,vlookup(B23,'📊 รายงานสินค้าคงเหลือ'!A:G,6,false)*E23,) | H23: =IF(LEN(B23)>0,F23-G23,) | I23: =IF(LEN(B23)>0,H23/F23,) | J23: =IF(A23<>"",YEAR(A23)&"-"&MONTH(A23),"") | K23: =IFERROR(IF(A23<>"",VLOOKUP(B23,'📦 ชื่อสินค้า'!A:F,6,false),""),) | L23: =IF(A23<>"",A23,)
D24: โล | F24: =IF(LEN(B24)>0,C24*E24,"") | G24: =IF(LEN(B24)>0,vlookup(B24,'📊 รายงานสินค้าคงเหลือ'!A:G,6,false)*E24,) | H24: =IF(LEN(B24)>0,F24-G24,) | I24: =IF(LEN(B24)>0,H24/F24,) | J24: =IF(A24<>"",YEAR(A24)&"-"&MONTH(A24),"") | K24: =IFERROR(IF(A24<>"",VLOOKUP(B24,'📦 ชื่อสินค้า'!A:F,6,false),""),) | L24: =IF(A24<>"",A24,)
D25: โล | F25: =IF(LEN(B25)>0,C25*E25,"") | G25: =IF(LEN(B25)>0,vlookup(B25,'📊 รายงานสินค้าคงเหลือ'!A:G,6,false)*E25,) | H25: =IF(LEN(B25)>0,F25-G25,) | I25: =IF(LEN(B25)>0,H25/F25,) | J25: =IF(A25<>"",YEAR(A25)&"-"&MONTH(A25),"") | K25: =IFERROR(IF(A25<>"",VLOOKUP(B25,'📦 ชื่อสินค้า'!A:F,6,false),""),) | L25: =IF(A25<>"",A25,)
D26: โล | F26: =IF(LEN(B26)>0,C26*E26,"") | G26: =IF(LEN(B26)>0,vlookup(B26,'📊 รายงานสินค้าคงเหลือ'!A:G,6,false)*E26,) | H26: =IF(LEN(B26)>0,F26-G26,) | I26: =IF(LEN(B26)>0,H26/F26,) | J26: =IF(A26<>"",YEAR(A26)&"-"&MONTH(A26),"") | K26: =IFERROR(IF(A26<>"",VLOOKUP(B26,'📦 ชื่อสินค้า'!A:F,6,false),""),) | L26: =IF(A26<>"",A26,)
D27: โล | F27: =IF(LEN(B27)>0,C27*E27,"") | G27: =IF(LEN(B27)>0,vlookup(B27,'📊 รายงานสินค้าคงเหลือ'!A:G,6,false)*E27,) | H27: =IF(LEN(B27)>0,F27-G27,) | I27: =IF(LEN(B27)>0,H27/F27,) | J27: =IF(A27<>"",YEAR(A27)&"-"&MONTH(A27),"") | K27: =IFERROR(IF(A27<>"",VLOOKUP(B27,'📦 ชื่อสินค้า'!A:F,6,false),""),) | L27: =IF(A27<>"",A27,)
F28: =IF(LEN(B28)>0,C28*E28,"") | G28: =IF(LEN(B28)>0,vlookup(B28,'📊 รายงานสินค้าคงเหลือ'!A:G,6,false)*E28,) | H28: =IF(LEN(B28)>0,F28-G28,) | I28: =IF(LEN(B28)>0,H28/F28,) | J28: =IF(A28<>"",YEAR(A28)&"-"&MONTH(A28),"") | K28: =IFERROR(IF(A28<>"",VLOOKUP(B28,'📦 ชื่อสินค้า'!A:F,6,false),""),) | L28: =IF(A28<>"",A28,)
F29: =IF(LEN(B29)>0,C29*E29,"") | G29: =IF(LEN(B29)>0,vlookup(B29,'📊 รายงานสินค้าคงเหลือ'!A:G,6,false)*E29,) | H29: =IF(LEN(B29)>0,F29-G29,) | I29: =IF(LEN(B29)>0,H29/F29,) | J29: =IF(A29<>"",YEAR(A29)&"-"&MONTH(A29),"") | K29: =IFERROR(IF(A29<>"",VLOOKUP(B29,'📦 ชื่อสินค้า'!A:F,6,false),""),) | L29: =IF(A29<>"",A29,)
F30: =IF(LEN(B30)>0,C30*E30,"") | G30: =IF(LEN(B30)>0,vlookup(B30,'📊 รายงานสินค้าคงเหลือ'!A:G,6,false)*E30,) | H30: =IF(LEN(B30)>0,F30-G30,) | I30: =IF(LEN(B30)>0,H30/F30,) | J30: =IF(A30<>"",YEAR(A30)&"-"&MONTH(A30),"") | K30: =IFERROR(IF(A30<>"",VLOOKUP(B30,'📦 ชื่อสินค้า'!A:F,6,false),""),) | L30: =IF(A30<>"",A30,)
F31: =IF(LEN(B31)>0,C31*E31,"") | G31: =IF(LEN(B31)>0,vlookup(B31,'📊 รายงานสินค้าคงเหลือ'!A:G,6,false)*E31,) | H31: =IF(LEN(B31)>0,F31-G31,) | I31: =IF(LEN(B31)>0,H31/F31,) | J31: =IF(A31<>"",YEAR(A31)&"-"&MONTH(A31),"") | K31: =IFERROR(IF(A31<>"",VLOOKUP(B31,'📦 ชื่อสินค้า'!A:F,6,false),""),) | L31: =IF(A31<>"",A31,)
F32: =IF(LEN(B32)>0,C32*E32,"") | G32: =IF(LEN(B32)>0,vlookup(B32,'📊 รายงานสินค้าคงเหลือ'!A:G,6,false)*E32,) | H32: =IF(LEN(B32)>0,F32-G32,) | I32: =IF(LEN(B32)>0,H32/F32,) | J32: =IF(A32<>"",YEAR(A32)&"-"&MONTH(A32),"") | K32: =IFERROR(IF(A32<>"",VLOOKUP(B32,'📦 ชื่อสินค้า'!A:F,6,false),""),) | L32: =IF(A32<>"",A32,)
F33: =IF(LEN(B33)>0,C33*E33,"") | G33: =IF(LEN(B33)>0,vlookup(B33,'📊 รายงานสินค้าคงเหลือ'!A:G,6,false)*E33,) | H33: =IF(LEN(B33)>0,F33-G33,) | I33: =IF(LEN(B33)>0,H33/F33,) | J33: =IF(A33<>"",YEAR(A33)&"-"&MONTH(A33),"") | K33: =IFERROR(IF(A33<>"",VLOOKUP(B33,'📦 ชื่อสินค้า'!A:F,6,false),""),) | L33: =IF(A33<>"",A33,)
F34: =IF(LEN(B34)>0,C34*E34,"") | G34: =IF(LEN(B34)>0,vlookup(B34,'📊 รายงานสินค้าคงเหลือ'!A:G,6,false)*E34,) | H34: =IF(LEN(B34)>0,F34-G34,) | I34: =IF(LEN(B34)>0,H34/F34,) | J34: =IF(A34<>"",YEAR(A34)&"-"&MONTH(A34),"") | K34: =IFERROR(IF(A34<>"",VLOOKUP(B34,'📦 ชื่อสินค้า'!A:F,6,false),""),) | L34: =IF(A34<>"",A34,)
C35: =iferror(vlookup(B35,'📦 ชื่อสินค้า'!A:C,3,false),) | D35: =iferror(vlookup(B35,'📦 ชื่อสินค้า'!A:D,4,false),"") | F35: =IF(LEN(B35)>0,C35*E35,"") | G35: =IF(LEN(B35)>0,vlookup(B35,'📊 รายงานสินค้าคงเหลือ'!A:G,6,false)*E35,) | H35: =IF(LEN(B35)>0,F35-G35,) | I35: =IF(LEN(B35)>0,H35/F35,) | J35: =IF(A35<>"",YEAR(A35)&"-"&MONTH(A35),"") | K35: =IFERROR(IF(A35<>"",VLOOKUP(B35,'📦 ชื่อสินค้า'!A:F,6,false),""),) | L35: =IF(A35<>"",A35,)
C36: =iferror(vlookup(B36,'📦 ชื่อสินค้า'!A:C,3,false),) | D36: =iferror(vlookup(B36,'📦 ชื่อสินค้า'!A:D,4,false),"") | F36: =IF(LEN(B36)>0,C36*E36,"") | G36: =IF(LEN(B36)>0,vlookup(B36,'📊 รายงานสินค้าคงเหลือ'!A:G,6,false)*E36,) | H36: =IF(LEN(B36)>0,F36-G36,) | I36: =IF(LEN(B36)>0,H36/F36,) | J36: =IF(A36<>"",YEAR(A36)&"-"&MONTH(A36),"") | K36: =IFERROR(IF(A36<>"",VLOOKUP(B36,'📦 ชื่อสินค้า'!A:F,6,false),""),) | L36: =IF(A36<>"",A36,)
C37: =iferror(vlookup(B37,'📦 ชื่อสินค้า'!A:C,3,false),) | D37: =iferror(vlookup(B37,'📦 ชื่อสินค้า'!A:D,4,false),"") | F37: =IF(LEN(B37)>0,C37*E37,"") | G37: =IF(LEN(B37)>0,vlookup(B37,'📊 รายงานสินค้าคงเหลือ'!A:G,6,false)*E37,) | H37: =IF(LEN(B37)>0,F37-G37,) | I37: =IF(LEN(B37)>0,H37/F37,) | J37: =IF(A37<>"",YEAR(A37)&"-"&MONTH(A37),"") | K37: =IFERROR(IF(A37<>"",VLOOKUP(B37,'📦 ชื่อสินค้า'!A:F,6,false),""),) | L37: =IF(A37<>"",A37,)
C38: =iferror(vlookup(B38,'📦 ชื่อสินค้า'!A:C,3,false),) | D38: =iferror(vlookup(B38,'📦 ชื่อสินค้า'!A:D,4,false),"") | F38: =IF(LEN(B38)>0,C38*E38,"") | G38: =IF(LEN(B38)>0,vlookup(B38,'📊 รายงานสินค้าคงเหลือ'!A:G,6,false)*E38,) | H38: =IF(LEN(B38)>0,F38-G38,) | I38: =IF(LEN(B38)>0,H38/F38,) | J38: =IF(A38<>"",YEAR(A38)&"-"&MONTH(A38),"") | K38: =IFERROR(IF(A38<>"",VLOOKUP(B38,'📦 ชื่อสินค้า'!A:F,6,false),""),) | L38: =IF(A38<>"",A38,)
C39: =iferror(vlookup(B39,'📦 ชื่อสินค้า'!A:C,3,false),) | D39: =iferror(vlookup(B39,'📦 ชื่อสินค้า'!A:D,4,false),"") | F39: =IF(LEN(B39)>0,C39*E39,"") | G39: =IF(LEN(B39)>0,vlookup(B39,'📊 รายงานสินค้าคงเหลือ'!A:G,6,false)*E39,) | H39: =IF(LEN(B39)>0,F39-G39,) | I39: =IF(LEN(B39)>0,H39/F39,) | J39: =IF(A39<>"",YEAR(A39)&"-"&MONTH(A39),"") | K39: =IFERROR(IF(A39<>"",VLOOKUP(B39,'📦 ชื่อสินค้า'!A:F,6,false),""),) | L39: =IF(A39<>"",A39,)
C40: =iferror(vlookup(B40,'📦 ชื่อสินค้า'!A:C,3,false),) | D40: =iferror(vlookup(B40,'📦 ชื่อสินค้า'!A:D,4,false),"") | F40: =IF(LEN(B40)>0,C40*E40,"") | G40: =IF(LEN(B40)>0,vlookup(B40,'📊 รายงานสินค้าคงเหลือ'!A:G,6,false)*E40,) | H40: =IF(LEN(B40)>0,F40-G40,) | I40: =IF(LEN(B40)>0,H40/F40,) | J40: =IF(A40<>"",YEAR(A40)&"-"&MONTH(A40),"") | K40: =IFERROR(IF(A40<>"",VLOOKUP(B40,'📦 ชื่อสินค้า'!A:F,6,false),""),) | L40: =IF(A40<>"",A40,)
C41: =iferror(vlookup(B41,'📦 ชื่อสินค้า'!A:C,3,false),) | D41: =iferror(vlookup(B41,'📦 ชื่อสินค้า'!A:D,4,false),"") | F41: =IF(LEN(B41)>0,C41*E41,"") | G41: =IF(LEN(B41)>0,vlookup(B41,'📊 รายงานสินค้าคงเหลือ'!A:G,6,false)*E41,) | H41: =IF(LEN(B41)>0,F41-G41,) | I41: =IF(LEN(B41)>0,H41/F41,) | J41: =IF(A41<>"",YEAR(A41)&"-"&MONTH(A41),"") | K41: =IFERROR(IF(A41<>"",VLOOKUP(B41,'📦 ชื่อสินค้า'!A:F,6,false),""),) | L41: =IF(A41<>"",A41,)
C42: =iferror(vlookup(B42,'📦 ชื่อสินค้า'!A:C,3,false),) | D42: =iferror(vlookup(B42,'📦 ชื่อสินค้า'!A:D,4,false),"") | F42: =IF(LEN(B42)>0,C42*E42,"") | G42: =IF(LEN(B42)>0,vlookup(B42,'📊 รายงานสินค้าคงเหลือ'!A:G,6,false)*E42,) | H42: =IF(LEN(B42)>0,F42-G42,) | I42: =IF(LEN(B42)>0,H42/F42,) | J42: =IF(A42<>"",YEAR(A42)&"-"&MONTH(A42),"") | K42: =IFERROR(IF(A42<>"",VLOOKUP(B42,'📦 ชื่อสินค้า'!A:F,6,false),""),) | L42: =IF(A42<>"",A42,)
C43: =iferror(vlookup(B43,'📦 ชื่อสินค้า'!A:C,3,false),) | D43: =iferror(vlookup(B43,'📦 ชื่อสินค้า'!A:D,4,false),"") | F43: =IF(LEN(B43)>0,C43*E43,"") | G43: =IF(LEN(B43)>0,vlookup(B43,'📊 รายงานสินค้าคงเหลือ'!A:G,6,false)*E43,) | H43: =IF(LEN(B43)>0,F43-G43,) | I43: =IF(LEN(B43)>0,H43/F43,) | J43: =IF(A43<>"",YEAR(A43)&"-"&MONTH(A43),"") | K43: =IFERROR(IF(A43<>"",VLOOKUP(B43,'📦 ชื่อสินค้า'!A:F,6,false),""),) | L43: =IF(A43<>"",A43,)
C44: =iferror(vlookup(B44,'📦 ชื่อสินค้า'!A:C,3,false),) | D44: =iferror(vlookup(B44,'📦 ชื่อสินค้า'!A:D,4,false),"") | F44: =IF(LEN(B44)>0,C44*E44,"") | G44: =IF(LEN(B44)>0,vlookup(B44,'📊 รายงานสินค้าคงเหลือ'!A:G,6,false)*E44,) | H44: =IF(LEN(B44)>0,F44-G44,) | I44: =IF(LEN(B44)>0,H44/F44,) | J44: =IF(A44<>"",YEAR(A44)&"-"&MONTH(A44),"") | K44: =IFERROR(IF(A44<>"",VLOOKUP(B44,'📦 ชื่อสินค้า'!A:F,6,false),""),) | L44: =IF(A44<>"",A44,)
C45: =iferror(vlookup(B45,'📦 ชื่อสินค้า'!A:C,3,false),) | D45: =iferror(vlookup(B45,'📦 ชื่อสินค้า'!A:D,4,false),"") | F45: =IF(LEN(B45)>0,C45*E45,"") | G45: =IF(LEN(B45)>0,vlookup(B45,'📊 รายงานสินค้าคงเหลือ'!A:G,6,false)*E45,) | H45: =IF(LEN(B45)>0,F45-G45,) | I45: =IF(LEN(B45)>0,H45/F45,) | J45: =IF(A45<>"",YEAR(A45)&"-"&MONTH(A45),"") | K45: =IFERROR(IF(A45<>"",VLOOKUP(B45,'📦 ชื่อสินค้า'!A:F,6,false),""),) | L45: =IF(A45<>"",A45,)
C46: =iferror(vlookup(B46,'📦 ชื่อสินค้า'!A:C,3,false),) | D46: =iferror(vlookup(B46,'📦 ชื่อสินค้า'!A:D,4,false),"") | F46: =IF(LEN(B46)>0,C46*E46,"") | G46: =IF(LEN(B46)>0,vlookup(B46,'📊 รายงานสินค้าคงเหลือ'!A:G,6,false)*E46,) | H46: =IF(LEN(B46)>0,F46-G46,) | I46: =IF(LEN(B46)>0,H46/F46,) | J46: =IF(A46<>"",YEAR(A46)&"-"&MONTH(A46),"") | K46: =IFERROR(IF(A46<>"",VLOOKUP(B46,'📦 ชื่อสินค้า'!A:F,6,false),""),) | L46: =IF(A46<>"",A46,)
... C990: =iferror(vlookup(B990,'📦 ชื่อสินค้า'!A:C,3,false),) | D990: =iferror(vlookup(B990,'📦 ชื่อสินค้า'!A:D,4,false),"") | F990: =IF(LEN(B990)>0,C990*E990,"") | G990: =IF(LEN(B990)>0,vlookup(B990,'📊 รายงานสินค้าคงเหลือ'!A:G,6,false)*E990,) | H990: =IF(LEN(B990)>0,F990-G990,) | I990: =IF(LEN(B990)>0,H990/F990,) | J990: =IF(A990<>"",YEAR(A990)&"-"&MONTH(A990),"") | K990: =IFERROR(IF(A990<>"",VLOOKUP(B990,'📦 ชื่อสินค้า'!A:F,6,false),""),) | L990: =IF(A990<>"",A990,)

Sheet 💸 Transaction ซื้อ
A1: วันที่ | B1: ชื่อสินค้า | C1: ราคา | D1: หน่วยนับ | E1: ตัดได้จริง | F1: ต้นทุนอื่นๆ | G1: มูลค่ารวม | H1: ปีเดือน | I1: สั่งมา
A2: 45437 | B2: 510 ขาวธรรมชาติ | C2: 80 | D2: =iferror(vlookup(B2,'📦 ชื่อสินค้า'!A:D,4,false),"") -> โล | E2: 507 | G2: =IF(LEN(B2)>0,C2*E2+F2,"") -> 40560 | H2: =IF(A2<>"",YEAR(A2)&"-"&MONTH(A2),"") -> 2024-5 | I2: 507
A3: 45433 | B3: 861 ฟ้าอ่อน | C3: 90 | D3: โล | E3: 114 | G3: =IF(LEN(B3)>0,C3*E3+F3,"") -> 10260 | H3: =IF(A3<>"",YEAR(A3)&"-"&MONTH(A3),"") -> 2024-5 | I3: 114
A4: 45393 | B4: 831 สีโอรส | C4: 80 | D4: โล | E4: 118 | G4: =IF(LEN(B4)>0,C4*E4+F4,"") -> 9440 | H4: =IF(A4<>"",YEAR(A4)&"-"&MONTH(A4),"") -> 2024-4 | I4: 114
A5: 45393 | B5: 552 ชมพูเข้ม | C5: 80 | D5: โล | E5: 160 | G5: =IF(LEN(B5)>0,C5*E5+F5,"") -> 12800 | H5: =IF(A5<>"",YEAR(A5)&"-"&MONTH(A5),"") -> 2024-4 | I5: 157
A6: 45393 | B6: 551 ชมพูอ่อน | C6: 80 | D6: โล | E6: 473 | G6: =IF(LEN(B6)>0,C6*E6+F6,"") -> 37840 | H6: =IF(A6<>"",YEAR(A6)&"-"&MONTH(A6),"") -> 2024-4 | I6: 473
A7: 45393 | B7: 561 ฟ้าเข้ม | C7: 80 | D7: โล | E7: 94 | G7: =IF(LEN(B7)>0,C7*E7+F7,"") -> 7520 | H7: =IF(A7<>"",YEAR(A7)&"-"&MONTH(A7),"") -> 2024-4 | I7: 90
A8: 45393 | B8: 860 ม่วงอ่อน | C8: 80 | D8: โล | E8: 190 | G8: =IF(LEN(B8)>0,C8*E8+F8,"") -> 15200 | H8: =IF(A8<>"",YEAR(A8)&"-"&MONTH(A8),"") -> 2024-4 | I8: 183
A9: 45393 | B9: 591 เทาอ่อน | C9: 70 | D9: โล | E9: 130 | G9: =IF(LEN(B9)>0,C9*E9+F9,"") -> 9100 | H9: =IF(A9<>"",YEAR(A9)&"-"&MONTH(A9),"") -> 2024-4 | I9: 130
A10: 45364 | B10: 521 ครีม | C10: 80 | D10: โล | E10: 467 | G10: =IF(LEN(B10)>0,C10*E10+F10,"") -> 37360 | H10: =IF(A10<>"",YEAR(A10)&"-"&MONTH(A10),"") -> 2024-3 | I10: 470
A11: 45364 | B11: 510 ขาวธรรมชาติ | C11: 90 | D11: โล | E11: 398 | G11: =IF(LEN(B11)>0,C11*E11+F11,"") -> 35820 | H11: =IF(A11<>"",YEAR(A11)&"-"&MONTH(A11),"") -> 2024-3 | I11: 380
A12: 45362 | B12: 111 เงินเงา | C12: 250 | D12: โล | E12: 335 | G12: =IF(LEN(B12)>0,C12*E12+F12,"") -> 83750 | H12: =IF(A12<>"",YEAR(A12)&"-"&MONTH(A12),"") -> 2024-3 | I12: 335
A13: 45362 | B13: 112 เงินด้าน | C13: 250 | D13: โล | E13: 335 | G13: =IF(LEN(B13)>0,C13*E13+F13,"") -> 83750 | H13: =IF(A13<>"",YEAR(A13)&"-"&MONTH(A13),"") -> 2024-3 | I13: 335
A14: 45447 | B14: 521 ครีม | C14: 80 | D14: โล | E14: 473 | G14: =IF(LEN(B14)>0,C14*E14+F14,"") -> 37840 | H14: =IF(A14<>"",YEAR(A14)&"-"&MONTH(A14),"") -> 2024-6 | I14: 473
... A16: 45454 | B16: 863 ฟ้าพาสเทลเข้ม | C16: 80 | D16: โล | E16: 68 | G16: =IF(LEN(B16)>0,C16*E16+F16,"") -> 5440 | H16: =IF(A16<>"",YEAR(A16)&"-"&MONTH(A16),"") -> 2024-6 | I16: 68
A17: 45456 | B17: 571 เขียวหยก | C17: 80 | D17: โล | G17: =IF(LEN(B17)>0,C17*E17+F17,"") -> 0 | H17: =IF(A17<>"",YEAR(A17)&"-"&MONTH(A17),"") -> 2024-6 | I17: 118
G18: =IF(LEN(B18)>0,C18*E18+F18,"") | H18: =IF(A18<>"",YEAR(A18)&"-"&MONTH(A18),"")
G19: =IF(LEN(B19)>0,C19*E19+F19,"") | H19: =IF(A19<>"",YEAR(A19)&"-"&MONTH(A19),"")
G20: =IF(LEN(B20)>0,C20*E20+F20,"") | H20: =IF(A20<>"",YEAR(A20)&"-"&MONTH(A20),"")
G21: =IF(LEN(B21)>0,C21*E21+F21,"") | H21: =IF(A21<>"",YEAR(A21)&"-"&MONTH(A21),"")
G22: =IF(LEN(B22)>0,C22*E22+F22,"") | H22: =IF(A22<>"",YEAR(A22)&"-"&MONTH(A22),"")
G23: =IF(LEN(B23)>0,C23*E23+F23,"") | H23: =IF(A23<>"",YEAR(A23)&"-"&MONTH(A23),"")
G24: =IF(LEN(B24)>0,C24*E24+F24,"") | H24: =IF(A24<>"",YEAR(A24)&"-"&MONTH(A24),"")
G25: =IF(LEN(B25)>0,C25*E25+F25,"") | H25: =IF(A25<>"",YEAR(A25)&"-"&MONTH(A25),"")
C26: =iferror(vlookup(B26,'📦 ชื่อสินค้า'!A:C,2,false),) | D26: =iferror(vlookup(B26,'📦 ชื่อสินค้า'!A:D,4,false),"") | G26: =IF(LEN(B26)>0,C26*E26+F26,"") | H26: =IF(A26<>"",YEAR(A26)&"-"&MONTH(A26),"")
C27: =iferror(vlookup(B27,'📦 ชื่อสินค้า'!A:C,2,false),) | D27: =iferror(vlookup(B27,'📦 ชื่อสินค้า'!A:D,4,false),"") | G27: =IF(LEN(B27)>0,C27*E27+F27,"") | H27: =IF(A27<>"",YEAR(A27)&"-"&MONTH(A27),"")
C28: =iferror(vlookup(B28,'📦 ชื่อสินค้า'!A:C,2,false),) | D28: =iferror(vlookup(B28,'📦 ชื่อสินค้า'!A:D,4,false),"") | G28: =IF(LEN(B28)>0,C28*E28+F28,"") | H28: =IF(A28<>"",YEAR(A28)&"-"&MONTH(A28),"")
C29: =iferror(vlookup(B29,'📦 ชื่อสินค้า'!A:C,2,false),) | D29: =iferror(vlookup(B29,'📦 ชื่อสินค้า'!A:D,4,false),"") | G29: =IF(LEN(B29)>0,C29*E29+F29,"") | H29: =IF(A29<>"",YEAR(A29)&"-"&MONTH(A29),"")
C30: =iferror(vlookup(B30,'📦 ชื่อสินค้า'!A:C,2,false),) | D30: =iferror(vlookup(B30,'📦 ชื่อสินค้า'!A:D,4,false),"") | G30: =IF(LEN(B30)>0,C30*E30+F30,"") | H30: =IF(A30<>"",YEAR(A30)&"-"&MONTH(A30),"")
C31: =iferror(vlookup(B31,'📦 ชื่อสินค้า'!A:C,2,false),) | D31: =iferror(vlookup(B31,'📦 ชื่อสินค้า'!A:D,4,false),"") | G31: =IF(LEN(B31)>0,C31*E31+F31,"") | H31: =IF(A31<>"",YEAR(A31)&"-"&MONTH(A31),"")
C32: =iferror(vlookup(B32,'📦 ชื่อสินค้า'!A:C,2,false),) | D32: =iferror(vlookup(B32,'📦 ชื่อสินค้า'!A:D,4,false),"") | G32: =IF(LEN(B32)>0,C32*E32+F32,"") | H32: =IF(A32<>"",YEAR(A32)&"-"&MONTH(A32),"")
C33: =iferror(vlookup(B33,'📦 ชื่อสินค้า'!A:C,2,false),) | D33: =iferror(vlookup(B33,'📦 ชื่อสินค้า'!A:D,4,false),"") | G33: =IF(LEN(B33)>0,C33*E33+F33,"") | H33: =IF(A33<>"",YEAR(A33)&"-"&MONTH(A33),"")
C34: =iferror(vlookup(B34,'📦 ชื่อสินค้า'!A:C,2,false),) | D34: =iferror(vlookup(B34,'📦 ชื่อสินค้า'!A:D,4,false),"") | G34: =IF(LEN(B34)>0,C34*E34+F34,"") | H34: =IF(A34<>"",YEAR(A34)&"-"&MONTH(A34),"")
C35: =iferror(vlookup(B35,'📦 ชื่อสินค้า'!A:C,2,false),) | D35: =iferror(vlookup(B35,'📦 ชื่อสินค้า'!A:D,4,false),"") | G35: =IF(LEN(B35)>0,C35*E35+F35,"") | H35: =IF(A35<>"",YEAR(A35)&"-"&MONTH(A35),"")
C36: =iferror(vlookup(B36,'📦 ชื่อสินค้า'!A:C,2,false),) | D36: =iferror(vlookup(B36,'📦 ชื่อสินค้า'!A:D,4,false),"") | G36: =IF(LEN(B36)>0,C36*E36+F36,"") | H36: =IF(A36<>"",YEAR(A36)&"-"&MONTH(A36),"")
C37: =iferror(vlookup(B37,'📦 ชื่อสินค้า'!A:C,2,false),) | D37: =iferror(vlookup(B37,'📦 ชื่อสินค้า'!A:D,4,false),"") | G37: =IF(LEN(B37)>0,C37*E37+F37,"") | H37: =IF(A37<>"",YEAR(A37)&"-"&MONTH(A37),"")
... C996: =iferror(vlookup(B996,'📦 ชื่อสินค้า'!A:C,2,false),) | D996: =iferror(vlookup(B996,'📦 ชื่อสินค้า'!A:D,4,false),"") | G996: =IF(LEN(B996)>0,C996*E996+F996,"") | H996: =IF(A996<>"",YEAR(A996)&"-"&MONTH(A996),"")

Sheet 📦 ชื่อสินค้า
A1: ชื่อสินค้า | B1: ราคาซื้อ | C1: ราคาขาย | D1: หน่วยนับ | E1: จำนวนขั้นต่ำ | F1: กลุ่มสินค้า | G1: Status
A2: 510 ขาวธรรมชาติ | B2: 90 | C2: 150 | D2: โล | E2: 50 | F2: รุ่นสีอ่อน | G2: Active
A3: 861 ฟ้าอ่อน | B3: 80 | C3: 150 | D3: โล | E3: 5 | F3: รุ่นสีอ่อน | G3: Active
A4: 831 สีโอรส | B4: 80 | C4: 150 | D4: โล | E4: 5 | F4: รุ่นสีอ่อน | G4: Active
A5: 552 ชมพูเข้ม | B5: 80 | C5: 150 | D5: โล | E5: 5 | F5: รุ่นสีอ่อน | G5: Active
A6: 551 ชมพูอ่อน | B6: 80 | C6: 150 | D6: โล | E6: 5 | F6: รุ่นสีอ่อน | G6: Active
A7: 860 ม่วงอ่อน | B7: 80 | C7: 150 | D7: โล | E7: 5 | F7: รุ่นสีอ่อน | G7: Active
A8: 591 เทาอ่อน | B8: 70 | C8: 150 | D8: โล | E8: 5 | F8: รุ่นสีอ่อน | G8: Active
A9: 561 ฟ้าเข้ม | B9: 80 | C9: 150 | D9: โล | E9: 5 | F9: รุ่นสีอ่อน | G9: Active
A10: 521 ครีม | B10: 80 | C10: 150 | D10: โล | E10: 10 | F10: รุ่นสีอ่อน | G10: Active
A11: 111 เงินเงา | B11: 250 | C11: 400 | D11: โล | E11: 50 | F11: รุ่นสีพิเศษ A | G11: Active
A12: 112 เงินด้าน | B12: 250 | C12: 400 | D12: โล | E12: 20 | F12: รุ่นสีพิเศษ A | G12: Active
A13: 881 เปลือกไม้ | B13: 80 | C13: 150 | D13: โล | E13: 20 | F13: รุ่นสีอ่อน | G13: Active
... A15: 881 เปลือกไม้ รุ่นหยัก | B15: 20 | C15: 250 | D15: โล | E15: 5 | F15: รุ่นหยัก | G15: Active
A16: 853 ชมพูพาสเทล | B16: 80 | C16: 150 | D16: โล | E16: 5 | F16: รุ่นสีอ่อน
A17: 862 ฟ้า PT อ่อน | B17: 80 | C17: 150 | D17: โล | E17: 5 | F17: รุ่นสีอ่อน
A18: 863 ฟ้า PT เข้ม | B18: 80 | C18: 150 | D18: โล | E18: 5 | F18: รุ่นสีอ่อน
A19: 522 เหลืองอ่อน | B19: 60 | C19: 150 | D19: โล | E19: 5 | F19: รุ่นสีอ่อน
A20: 571 เขียวหยก | B20: 60 | C20: 150 | D20: โล | E20: 5 | F20: รุ่นสีอ่อน
A21: 882 กาแฟ | B21: 60 | C21: 150 | D21: โล | E21: 5 | F21: รุ่นสีอ่อน
A22: 511 กรีนรีด | B22: 60 | C22: 150 | D22: โล | E22: 5 | F22: รุ่นสีอ่อน

Sheet ช่องทางการขาย
A1: ชื่อสินค้า | B1: ราคาซื้อ | C1: ราคาขาย | D1: หน่วยนับ | E1: จำนวนขั้นต่ำ | F1: กลุ่มสินค้า | G1: Status
A2: 510 ขาวธรรมชาติ | B2: 90 | C2: 150 | D2: โล | E2: 50 | F2: รุ่นสีอ่อน | G2: Active
A3: 861 ฟ้าอ่อน | B3: 80 | C3: 150 | D3: โล | E3: 5 | F3: รุ่นสีอ่อน | G3: Active
A4: 831 สีโอรส | B4: 80 | C4: 150 | D4: โล | E4: 5 | F4: รุ่นสีอ่อน | G4: Active
A5: 552 ชมพูเข้ม | B5: 80 | C5: 150 | D5: โล | E5: 5 | F5: รุ่นสีอ่อน | G5: Active
A6: 551 ชมพูอ่อน | B6: 80 | C6: 150 | D6: โล | E6: 5 | F6: รุ่นสีอ่อน | G6: Active
A7: 860 ม่วงอ่อน | B7: 80 | C7: 150 | D7: โล | E7: 5 | F7: รุ่นสีอ่อน | G7: Active
A8: 591 เทาอ่อน | B8: 70 | C8: 150 | D8: โล | E8: 5 | F8: รุ่นสีอ่อน | G8: Active
A9: 561 ฟ้าเข้ม | B9: 80 | C9: 150 | D9: โล | E9: 5 | F9: รุ่นสีอ่อน | G9: Active
A10: 521 ครีม | B10: 80 | C10: 150 | D10: โล | E10: 10 | F10: รุ่นสีอ่อน | G10: Active
A11: 111 เงินเงา | B11: 250 | C11: 400 | D11: โล | E11: 50 | F11: รุ่นสีพิเศษ A | G11: Active
A12: 112 เงินด้าน | B12: 250 | C12: 400 | D12: โล | E12: 20 | F12: รุ่นสีพิเศษ A | G12: Active

Sheet 📊 รายงานสินค้าคงเหลือ
A1: =IFERROR(__xludf.DUMMYFUNCTION("query('📦 ชื่อสินค้า'!A:A,""select *"",1)"),"ชื่อสินค้า") -> ชื่อสินค้า | B1: จำนวนสินค้าคงเหลือ | C1: จำนวนขั้นต่ำ | D1: กลุ่มสินค้า | E1: สถานะการเติมสินค้า | F1: ต้นทุนเฉลี่ยต่อชิ้น | G1: ต้นทุนรวมปัจจุบัน | H1: {={"วันที่ขายล่าสุด";IFERROR(IF(A2:A1000<>"",VLOOKUP(A2:A1000,SORT('💰 Transaction ขาย'!B:L,1,false,11,false),11,false),),"-")}} -> วันที่ขายล่าสุด | I1: {={"จำนวนวันที่ไม่เคลื่อนไหว";IFERROR(IF(E2:E1000="InActive","-",IF(H2:H1000<>"",'⚙️ Config'!$H$1-H2:H1000,)),"-")}} -> จำนวนวันที่ไม่เคลื่อนไหว | J1: {={"ประเภทการเคลื่อนไหวสินค้า";IFERROR(IF(E2:E1000="InActive","InActive",IF(A2:A1000<>"",VLOOKUP(I2:I1000,'⚙️ Config'!$J$2:$K$6,2,1),)),"-")}} -> ประเภทการเคลื่อนไหวสินค้า | K1: ="อัตราขายเฉลี่ยใน "&'⚙️ Config'!H2&" วัน ที่ผ่านมา" -> อัตราขายเฉลี่ยใน 30 วัน ที่ผ่านมา | L1: อัตราขายเฉลี่ยต่อวัน | M1: จำนวนเดือนที่คาดว่าจะขายสินค้าหมด (MOS) | N1: ยอดขายรวมของปีนี้
A2: =IFERROR(__xludf.DUMMYFUNCTION("""COMPUTED_VALUE"""),"510 ขาวธรรมชาติ") -> 510 ขาวธรรมชาติ | B2: =IF(A2<>"",SUMIFS('💸 Transaction ซื้อ'!E:E,'💸 Transaction ซื้อ'!B:B,A2)-SUMIFS('💰 Transaction ขาย'!E:E,'💰 Transaction ขาย'!B:B,A2),"") -> 885 | C2: =IF(A2<>"",vlookup(A2,'📦 ชื่อสินค้า'!A:E,5,false),"") -> 50 | D2: =IF(A2<>"",VLOOKUP(A2,'📦 ชื่อสินค้า'!A:F,6,false),"") -> รุ่นสีอ่อน | E2: =IFERROR(IF(VLOOKUP(A2,'📦 ชื่อสินค้า'!A:G,7,false)="InActive","InActive",IF(A2<>"",IF(B2<=0,"สินค้าหมด",IF(B2<=C2,"ควรเติมทันที","OK")),"")),) -> OK | F2: =IFERROR(IF(A2<>"", SUMIF('💸 Transaction ซื้อ'!B:B,A2,'💸 Transaction ซื้อ'!G:G)/SUMIF('💸 Transaction ซื้อ'!B:B,A2,'💸 Transaction ซื้อ'!E:E),""),"-") -> 84.39779 | G2: =IFERROR(IF(A2<>"",F2*B2,""),"-") -> 74692.044 | H2: 45430 | I2: 692 | J2: Deadstock | K2: =IF(A2<>"",IF(E2="InActive","-",SUMIFS('💰 Transaction ขาย'!E:E,'💰 Transaction ขาย'!B:B,A2,'💰 Transaction ขาย'!A:A,">"&'⚙️ Config'!$H$1-'⚙️ Config'!$H$2)),) -> 0 | L2: =IF(E2="InActive","-",IF(A2<>"",K2/'⚙️ Config'!$H$2,)) -> 0 | M2: =IF(E2="InActive","-",IF(L2<>"",(B2/L2)/30,)) -> #DIV/0! | N2: =IF(A2<>"", SUMIFS('💰 Transaction ขาย'!F:F,'💰 Transaction ขาย'!B:B,A2,'💰 Transaction ขาย'!A:A,">="&DATE(YEAR('⚙️ Config'!$H$1),1,1),'💰 Transaction ขาย'!A:A,"<="&DATE(YEAR('⚙️ Config'!$H$1),12,31)),) -> 0
A3: =IFERROR(__xludf.DUMMYFUNCTION("""COMPUTED_VALUE"""),"861 ฟ้าอ่อน") -> 861 ฟ้าอ่อน | B3: =IF(A3<>"",SUMIFS('💸 Transaction ซื้อ'!E:E,'💸 Transaction ซื้อ'!B:B,A3)-SUMIFS('💰 Transaction ขาย'!E:E,'💰 Transaction ขาย'!B:B,A3),"") -> 114 | C3: =IF(A3<>"",vlookup(A3,'📦 ชื่อสินค้า'!A:E,5,false),"") -> 5 | D3: =IF(A3<>"",VLOOKUP(A3,'📦 ชื่อสินค้า'!A:F,6,false),"") -> รุ่นสีอ่อน | E3: =IFERROR(IF(VLOOKUP(A3,'📦 ชื่อสินค้า'!A:G,7,false)="InActive","InActive",IF(A3<>"",IF(B3<=0,"สินค้าหมด",IF(B3<=C3,"ควรเติมทันที","OK")),"")),) -> OK | F3: =IFERROR(IF(A3<>"", SUMIF('💸 Transaction ซื้อ'!B:B,A3,'💸 Transaction ซื้อ'!G:G)/SUMIF('💸 Transaction ซื้อ'!B:B,A3,'💸 Transaction ซื้อ'!E:E),""),"-") -> 90 | G3: =IFERROR(IF(A3<>"",F3*B3,""),"-") -> 10260 | H3: - | I3: - | J3: - | K3: =IF(A3<>"",IF(E3="InActive","-",SUMIFS('💰 Transaction ขาย'!E:E,'💰 Transaction ขาย'!B:B,A3,'💰 Transaction ขาย'!A:A,">"&'⚙️ Config'!$H$1-'⚙️ Config'!$H$2)),) -> 0 | L3: =IF(E3="InActive","-",IF(A3<>"",K3/'⚙️ Config'!$H$2,)) -> 0 | M3: =IF(E3="InActive","-",IF(L3<>"",(B3/L3)/30,)) -> #DIV/0! | N3: =IF(A3<>"", SUMIFS('💰 Transaction ขาย'!F:F,'💰 Transaction ขาย'!B:B,A3,'💰 Transaction ขาย'!A:A,">="&DATE(YEAR('⚙️ Config'!$H$1),1,1),'💰 Transaction ขาย'!A:A,"<="&DATE(YEAR('⚙️ Config'!$H$1),12,31)),) -> 0
A4: =IFERROR(__xludf.DUMMYFUNCTION("""COMPUTED_VALUE"""),"831 สีโอรส") -> 831 สีโอรส | B4: =IF(A4<>"",SUMIFS('💸 Transaction ซื้อ'!E:E,'💸 Transaction ซื้อ'!B:B,A4)-SUMIFS('💰 Transaction ขาย'!E:E,'💰 Transaction ขาย'!B:B,A4),"") -> 105 | C4: =IF(A4<>"",vlookup(A4,'📦 ชื่อสินค้า'!A:E,5,false),"") -> 5 | D4: =IF(A4<>"",VLOOKUP(A4,'📦 ชื่อสินค้า'!A:F,6,false),"") -> รุ่นสีอ่อน | E4: =IFERROR(IF(VLOOKUP(A4,'📦 ชื่อสินค้า'!A:G,7,false)="InActive","InActive",IF(A4<>"",IF(B4<=0,"สินค้าหมด",IF(B4<=C4,"ควรเติมทันที","OK")),"")),) -> OK | F4: =IFERROR(IF(A4<>"", SUMIF('💸 Transaction ซื้อ'!B:B,A4,'💸 Transaction ซื้อ'!G:G)/SUMIF('💸 Transaction ซื้อ'!B:B,A4,'💸 Transaction ซื้อ'!E:E),""),"-") -> 80 | G4: =IFERROR(IF(A4<>"",F4*B4,""),"-") -> 8400 | H4: 45437 | I4: 685 | J4: Deadstock | K4: =IF(A4<>"",IF(E4="InActive","-",SUMIFS('💰 Transaction ขาย'!E:E,'💰 Transaction ขาย'!B:B,A4,'💰 Transaction ขาย'!A:A,">"&'⚙️ Config'!$H$1-'⚙️ Config'!$H$2)),) -> 0 | L4: =IF(E4="InActive","-",IF(A4<>"",K4/'⚙️ Config'!$H$2,)) -> 0 | M4: =IF(E4="InActive","-",IF(L4<>"",(B4/L4)/30,)) -> #DIV/0! | N4: =IF(A4<>"", SUMIFS('💰 Transaction ขาย'!F:F,'💰 Transaction ขาย'!B:B,A4,'💰 Transaction ขาย'!A:A,">="&DATE(YEAR('⚙️ Config'!$H$1),1,1),'💰 Transaction ขาย'!A:A,"<="&DATE(YEAR('⚙️ Config'!$H$1),12,31)),) -> 0
A5: =IFERROR(__xludf.DUMMYFUNCTION("""COMPUTED_VALUE"""),"552 ชมพูเข้ม") -> 552 ชมพูเข้ม | B5: =IF(A5<>"",SUMIFS('💸 Transaction ซื้อ'!E:E,'💸 Transaction ซื้อ'!B:B,A5)-SUMIFS('💰 Transaction ขาย'!E:E,'💰 Transaction ขาย'!B:B,A5),"") -> 150 | C5: =IF(A5<>"",vlookup(A5,'📦 ชื่อสินค้า'!A:E,5,false),"") -> 5 | D5: =IF(A5<>"",VLOOKUP(A5,'📦 ชื่อสินค้า'!A:F,6,false),"") -> รุ่นสีอ่อน | E5: =IFERROR(IF(VLOOKUP(A5,'📦 ชื่อสินค้า'!A:G,7,false)="InActive","InActive",IF(A5<>"",IF(B5<=0,"สินค้าหมด",IF(B5<=C5,"ควรเติมทันที","OK")),"")),) -> OK | F5: =IFERROR(IF(A5<>"", SUMIF('💸 Transaction ซื้อ'!B:B,A5,'💸 Transaction ซื้อ'!G:G)/SUMIF('💸 Transaction ซื้อ'!B:B,A5,'💸 Transaction ซื้อ'!E:E),""),"-") -> 80 | G5: =IFERROR(IF(A5<>"",F5*B5,""),"-") -> 12000 | H5: 45430 | I5: 692 | J5: Deadstock | K5: =IF(A5<>"",IF(E5="InActive","-",SUMIFS('💰 Transaction ขาย'!E:E,'💰 Transaction ขาย'!B:B,A5,'💰 Transaction ขาย'!A:A,">"&'⚙️ Config'!$H$1-'⚙️ Config'!$H$2)),) -> 0 | L5: =IF(E5="InActive","-",IF(A5<>"",K5/'⚙️ Config'!$H$2,)) -> 0 | M5: =IF(E5="InActive","-",IF(L5<>"",(B5/L5)/30,)) -> #DIV/0! | N5: =IF(A5<>"", SUMIFS('💰 Transaction ขาย'!F:F,'💰 Transaction ขาย'!B:B,A5,'💰 Transaction ขาย'!A:A,">="&DATE(YEAR('⚙️ Config'!$H$1),1,1),'💰 Transaction ขาย'!A:A,"<="&DATE(YEAR('⚙️ Config'!$H$1),12,31)),) -> 0
A6: =IFERROR(__xludf.DUMMYFUNCTION("""COMPUTED_VALUE"""),"551 ชมพูอ่อน") -> 551 ชมพูอ่อน | B6: =IF(A6<>"",SUMIFS('💸 Transaction ซื้อ'!E:E,'💸 Transaction ซื้อ'!B:B,A6)-SUMIFS('💰 Transaction ขาย'!E:E,'💰 Transaction ขาย'!B:B,A6),"") -> 473 | C6: =IF(A6<>"",vlookup(A6,'📦 ชื่อสินค้า'!A:E,5,false),"") -> 5 | D6: =IF(A6<>"",VLOOKUP(A6,'📦 ชื่อสินค้า'!A:F,6,false),"") -> รุ่นสีอ่อน | E6: =IFERROR(IF(VLOOKUP(A6,'📦 ชื่อสินค้า'!A:G,7,false)="InActive","InActive",IF(A6<>"",IF(B6<=0,"สินค้าหมด",IF(B6<=C6,"ควรเติมทันที","OK")),"")),) -> OK | F6: =IFERROR(IF(A6<>"", SUMIF('💸 Transaction ซื้อ'!B:B,A6,'💸 Transaction ซื้อ'!G:G)/SUMIF('💸 Transaction ซื้อ'!B:B,A6,'💸 Transaction ซื้อ'!E:E),""),"-") -> 80 | G6: =IFERROR(IF(A6<>"",F6*B6,""),"-") -> 37840 | H6: - | I6: - | J6: - | K6: =IF(A6<>"",IF(E6="InActive","-",SUMIFS('💰 Transaction ขาย'!E:E,'💰 Transaction ขาย'!B:B,A6,'💰 Transaction ขาย'!A:A,">"&'⚙️ Config'!$H$1-'⚙️ Config'!$H$2)),) -> 0 | L6: =IF(E6="InActive","-",IF(A6<>"",K6/'⚙️ Config'!$H$2,)) -> 0 | M6: =IF(E6="InActive","-",IF(L6<>"",(B6/L6)/30,)) -> #DIV/0! | N6: =IF(A6<>"", SUMIFS('💰 Transaction ขาย'!F:F,'💰 Transaction ขาย'!B:B,A6,'💰 Transaction ขาย'!A:A,">="&DATE(YEAR('⚙️ Config'!$H$1),1,1),'💰 Transaction ขาย'!A:A,"<="&DATE(YEAR('⚙️ Config'!$H$1),12,31)),) -> 0
A7: =IFERROR(__xludf.DUMMYFUNCTION("""COMPUTED_VALUE"""),"860 ม่วงอ่อน") -> 860 ม่วงอ่อน | B7: =IF(A7<>"",SUMIFS('💸 Transaction ซื้อ'!E:E,'💸 Transaction ซื้อ'!B:B,A7)-SUMIFS('💰 Transaction ขาย'!E:E,'💰 Transaction ขาย'!B:B,A7),"") -> 188 | C7: =IF(A7<>"",vlookup(A7,'📦 ชื่อสินค้า'!A:E,5,false),"") -> 5 | D7: =IF(A7<>"",VLOOKUP(A7,'📦 ชื่อสินค้า'!A:F,6,false),"") -> รุ่นสีอ่อน | E7: =IFERROR(IF(VLOOKUP(A7,'📦 ชื่อสินค้า'!A:G,7,false)="InActive","InActive",IF(A7<>"",IF(B7<=0,"สินค้าหมด",IF(B7<=C7,"ควรเติมทันที","OK")),"")),) -> OK | F7: =IFERROR(IF(A7<>"", SUMIF('💸 Transaction ซื้อ'!B:B,A7,'💸 Transaction ซื้อ'!G:G)/SUMIF('💸 Transaction ซื้อ'!B:B,A7,'💸 Transaction ซื้อ'!E:E),""),"-") -> 80 | G7: =IFERROR(IF(A7<>"",F7*B7,""),"-") -> 15040 | H7: 45430 | I7: 692 | J7: Deadstock | K7: =IF(A7<>"",IF(E7="InActive","-",SUMIFS('💰 Transaction ขาย'!E:E,'💰 Transaction ขาย'!B:B,A7,'💰 Transaction ขาย'!A:A,">"&'⚙️ Config'!$H$1-'⚙️ Config'!$H$2)),) -> 0 | L7: =IF(E7="InActive","-",IF(A7<>"",K7/'⚙️ Config'!$H$2,)) -> 0 | M7: =IF(E7="InActive","-",IF(L7<>"",(B7/L7)/30,)) -> #DIV/0! | N7: =IF(A7<>"", SUMIFS('💰 Transaction ขาย'!F:F,'💰 Transaction ขาย'!B:B,A7,'💰 Transaction ขาย'!A:A,">="&DATE(YEAR('⚙️ Config'!$H$1),1,1),'💰 Transaction ขาย'!A:A,"<="&DATE(YEAR('⚙️ Config'!$H$1),12,31)),) -> 0
A8: =IFERROR(__xludf.DUMMYFUNCTION("""COMPUTED_VALUE"""),"591 เทาอ่อน") -> 591 เทาอ่อน | B8: =IF(A8<>"",SUMIFS('💸 Transaction ซื้อ'!E:E,'💸 Transaction ซื้อ'!B:B,A8)-SUMIFS('💰 Transaction ขาย'!E:E,'💰 Transaction ขาย'!B:B,A8),"") -> 130 | C8: =IF(A8<>"",vlookup(A8,'📦 ชื่อสินค้า'!A:E,5,false),"") -> 5 | D8: =IF(A8<>"",VLOOKUP(A8,'📦 ชื่อสินค้า'!A:F,6,false),"") -> รุ่นสีอ่อน | E8: =IFERROR(IF(VLOOKUP(A8,'📦 ชื่อสินค้า'!A:G,7,false)="InActive","InActive",IF(A8<>"",IF(B8<=0,"สินค้าหมด",IF(B8<=C8,"ควรเติมทันที","OK")),"")),) -> OK | F8: =IFERROR(IF(A8<>"", SUMIF('💸 Transaction ซื้อ'!B:B,A8,'💸 Transaction ซื้อ'!G:G)/SUMIF('💸 Transaction ซื้อ'!B:B,A8,'💸 Transaction ซื้อ'!E:E),""),"-") -> 70 | G8: =IFERROR(IF(A8<>"",F8*B8,""),"-") -> 9100 | H8: - | I8: - | J8: - | K8: =IF(A8<>"",IF(E8="InActive","-",SUMIFS('💰 Transaction ขาย'!E:E,'💰 Transaction ขาย'!B:B,A8,'💰 Transaction ขาย'!A:A,">"&'⚙️ Config'!$H$1-'⚙️ Config'!$H$2)),) -> 0 | L8: =IF(E8="InActive","-",IF(A8<>"",K8/'⚙️ Config'!$H$2,)) -> 0 | M8: =IF(E8="InActive","-",IF(L8<>"",(B8/L8)/30,)) -> #DIV/0! | N8: =IF(A8<>"", SUMIFS('💰 Transaction ขาย'!F:F,'💰 Transaction ขาย'!B:B,A8,'💰 Transaction ขาย'!A:A,">="&DATE(YEAR('⚙️ Config'!$H$1),1,1),'💰 Transaction ขาย'!A:A,"<="&DATE(YEAR('⚙️ Config'!$H$1),12,31)),) -> 0
A9: =IFERROR(__xludf.DUMMYFUNCTION("""COMPUTED_VALUE"""),"561 ฟ้าเข้ม") -> 561 ฟ้าเข้ม | B9: =IF(A9<>"",SUMIFS('💸 Transaction ซื้อ'!E:E,'💸 Transaction ซื้อ'!B:B,A9)-SUMIFS('💰 Transaction ขาย'!E:E,'💰 Transaction ขาย'!B:B,A9),"") -> 84 | C9: =IF(A9<>"",vlookup(A9,'📦 ชื่อสินค้า'!A:E,5,false),"") -> 5 | D9: =IF(A9<>"",VLOOKUP(A9,'📦 ชื่อสินค้า'!A:F,6,false),"") -> รุ่นสีอ่อน | E9: =IFERROR(IF(VLOOKUP(A9,'📦 ชื่อสินค้า'!A:G,7,false)="InActive","InActive",IF(A9<>"",IF(B9<=0,"สินค้าหมด",IF(B9<=C9,"ควรเติมทันที","OK")),"")),) -> OK | F9: =IFERROR(IF(A9<>"", SUMIF('💸 Transaction ซื้อ'!B:B,A9,'💸 Transaction ซื้อ'!G:G)/SUMIF('💸 Transaction ซื้อ'!B:B,A9,'💸 Transaction ซื้อ'!E:E),""),"-") -> 80 | G9: =IFERROR(IF(A9<>"",F9*B9,""),"-") -> 6720 | H9: 45430 | I9: 692 | J9: Deadstock | K9: =IF(A9<>"",IF(E9="InActive","-",SUMIFS('💰 Transaction ขาย'!E:E,'💰 Transaction ขาย'!B:B,A9,'💰 Transaction ขาย'!A:A,">"&'⚙️ Config'!$H$1-'⚙️ Config'!$H$2)),) -> 0 | L9: =IF(E9="InActive","-",IF(A9<>"",K9/'⚙️ Config'!$H$2,)) -> 0 | M9: =IF(E9="InActive","-",IF(L9<>"",(B9/L9)/30,)) -> #DIV/0! | N9: =IF(A9<>"", SUMIFS('💰 Transaction ขาย'!F:F,'💰 Transaction ขาย'!B:B,A9,'💰 Transaction ขาย'!A:A,">="&DATE(YEAR('⚙️ Config'!$H$1),1,1),'💰 Transaction ขาย'!A:A,"<="&DATE(YEAR('⚙️ Config'!$H$1),12,31)),) -> 0
A10: =IFERROR(__xludf.DUMMYFUNCTION("""COMPUTED_VALUE"""),"521 ครีม") -> 521 ครีม | B10: =IF(A10<>"",SUMIFS('💸 Transaction ซื้อ'!E:E,'💸 Transaction ซื้อ'!B:B,A10)-SUMIFS('💰 Transaction ขาย'!E:E,'💰 Transaction ขาย'!B:B,A10),"") -> 927 | C10: =IF(A10<>"",vlookup(A10,'📦 ชื่อสินค้า'!A:E,5,false),"") -> 10 | D10: =IF(A10<>"",VLOOKUP(A10,'📦 ชื่อสินค้า'!A:F,6,false),"") -> รุ่นสีอ่อน | E10: =IFERROR(IF(VLOOKUP(A10,'📦 ชื่อสินค้า'!A:G,7,false)="InActive","InActive",IF(A10<>"",IF(B10<=0,"สินค้าหมด",IF(B10<=C10,"ควรเติมทันที","OK")),"")),) -> OK | F10: =IFERROR(IF(A10<>"", SUMIF('💸 Transaction ซื้อ'!B:B,A10,'💸 Transaction ซื้อ'!G:G)/SUMIF('💸 Transaction ซื้อ'!B:B,A10,'💸 Transaction ซื้อ'!E:E),""),"-") -> 80 | G10: =IFERROR(IF(A10<>"",F10*B10,""),"-") -> 74160 | H10: 45430 | I10: 692 | J10: Deadstock | K10: =IF(A10<>"",IF(E10="InActive","-",SUMIFS('💰 Transaction ขาย'!E:E,'💰 Transaction ขาย'!B:B,A10,'💰 Transaction ขาย'!A:A,">"&'⚙️ Config'!$H$1-'⚙️ Config'!$H$2)),) -> 0 | L10: =IF(E10="InActive","-",IF(A10<>"",K10/'⚙️ Config'!$H$2,)) -> 0 | M10: =IF(E10="InActive","-",IF(L10<>"",(B10/L10)/30,)) -> #DIV/0! | N10: =IF(A10<>"", SUMIFS('💰 Transaction ขาย'!F:F,'💰 Transaction ขาย'!B:B,A10,'💰 Transaction ขาย'!A:A,">="&DATE(YEAR('⚙️ Config'!$H$1),1,1),'💰 Transaction ขาย'!A:A,"<="&DATE(YEAR('⚙️ Config'!$H$1),12,31)),) -> 0
A11: =IFERROR(__xludf.DUMMYFUNCTION("""COMPUTED_VALUE"""),"111 เงินเงา") -> 111 เงินเงา | B11: =IF(A11<>"",SUMIFS('💸 Transaction ซื้อ'!E:E,'💸 Transaction ซื้อ'!B:B,A11)-SUMIFS('💰 Transaction ขาย'!E:E,'💰 Transaction ขาย'!B:B,A11),"") -> 335 | C11: =IF(A11<>"",vlookup(A11,'📦 ชื่อสินค้า'!A:E,5,false),"") -> 50 | D11: =IF(A11<>"",VLOOKUP(A11,'📦 ชื่อสินค้า'!A:F,6,false),"") -> รุ่นสีพิเศษ A | E11: =IFERROR(IF(VLOOKUP(A11,'📦 ชื่อสินค้า'!A:G,7,false)="InActive","InActive",IF(A11<>"",IF(B11<=0,"สินค้าหมด",IF(B11<=C11,"ควรเติมทันที","OK")),"")),) -> OK | F11: =IFERROR(IF(A11<>"", SUMIF('💸 Transaction ซื้อ'!B:B,A11,'💸 Transaction ซื้อ'!G:G)/SUMIF('💸 Transaction ซื้อ'!B:B,A11,'💸 Transaction ซื้อ'!E:E),""),"-") -> 250 | G11: =IFERROR(IF(A11<>"",F11*B11,""),"-") -> 83750 | H11: - | I11: - | J11: - | K11: =IF(A11<>"",IF(E11="InActive","-",SUMIFS('💰 Transaction ขาย'!E:E,'💰 Transaction ขาย'!B:B,A11,'💰 Transaction ขาย'!A:A,">"&'⚙️ Config'!$H$1-'⚙️ Config'!$H$2)),) -> 0 | L11: =IF(E11="InActive","-",IF(A11<>"",K11/'⚙️ Config'!$H$2,)) -> 0 | M11: =IF(E11="InActive","-",IF(L11<>"",(B11/L11)/30,)) -> #DIV/0! | N11: =IF(A11<>"", SUMIFS('💰 Transaction ขาย'!F:F,'💰 Transaction ขาย'!B:B,A11,'💰 Transaction ขาย'!A:A,">="&DATE(YEAR('⚙️ Config'!$H$1),1,1),'💰 Transaction ขาย'!A:A,"<="&DATE(YEAR('⚙️ Config'!$H$1),12,31)),) -> 0
A12: =IFERROR(__xludf.DUMMYFUNCTION("""COMPUTED_VALUE"""),"112 เงินด้าน") -> 112 เงินด้าน | B12: =IF(A12<>"",SUMIFS('💸 Transaction ซื้อ'!E:E,'💸 Transaction ซื้อ'!B:B,A12)-SUMIFS('💰 Transaction ขาย'!E:E,'💰 Transaction ขาย'!B:B,A12),"") -> 335 | C12: =IF(A12<>"",vlookup(A12,'📦 ชื่อสินค้า'!A:E,5,false),"") -> 20 | D12: =IF(A12<>"",VLOOKUP(A12,'📦 ชื่อสินค้า'!A:F,6,false),"") -> รุ่นสีพิเศษ A | E12: =IFERROR(IF(VLOOKUP(A12,'📦 ชื่อสินค้า'!A:G,7,false)="InActive","InActive",IF(A12<>"",IF(B12<=0,"สินค้าหมด",IF(B12<=C12,"ควรเติมทันที","OK")),"")),) -> OK | F12: =IFERROR(IF(A12<>"", SUMIF('💸 Transaction ซื้อ'!B:B,A12,'💸 Transaction ซื้อ'!G:G)/SUMIF('💸 Transaction ซื้อ'!B:B,A12,'💸 Transaction ซื้อ'!E:E),""),"-") -> 250 | G12: =IFERROR(IF(A12<>"",F12*B12,""),"-") -> 83750 | H12: - | I12: - | J12: - | K12: =IF(A12<>"",IF(E12="InActive","-",SUMIFS('💰 Transaction ขาย'!E:E,'💰 Transaction ขาย'!B:B,A12,'💰 Transaction ขาย'!A:A,">"&'⚙️ Config'!$H$1-'⚙️ Config'!$H$2)),) -> 0 | L12: =IF(E12="InActive","-",IF(A12<>"",K12/'⚙️ Config'!$H$2,)) -> 0 | M12: =IF(E12="InActive","-",IF(L12<>"",(B12/L12)/30,)) -> #DIV/0! | N12: =IF(A12<>"", SUMIFS('💰 Transaction ขาย'!F:F,'💰 Transaction ขาย'!B:B,A12,'💰 Transaction ขาย'!A:A,">="&DATE(YEAR('⚙️ Config'!$H$1),1,1),'💰 Transaction ขาย'!A:A,"<="&DATE(YEAR('⚙️ Config'!$H$1),12,31)),) -> 0
A13: =IFERROR(__xludf.DUMMYFUNCTION("""COMPUTED_VALUE"""),"881 เปลือกไม้") -> 881 เปลือกไม้ | B13: =IF(A13<>"",SUMIFS('💸 Transaction ซื้อ'!E:E,'💸 Transaction ซื้อ'!B:B,A13)-SUMIFS('💰 Transaction ขาย'!E:E,'💰 Transaction ขาย'!B:B,A13),"") -> 414 | C13: =IF(A13<>"",vlookup(A13,'📦 ชื่อสินค้า'!A:E,5,false),"") -> 20 | D13: =IF(A13<>"",VLOOKUP(A13,'📦 ชื่อสินค้า'!A:F,6,false),"") -> รุ่นสีอ่อน | E13: =IFERROR(IF(VLOOKUP(A13,'📦 ชื่อสินค้า'!A:G,7,false)="InActive","InActive",IF(A13<>"",IF(B13<=0,"สินค้าหมด",IF(B13<=C13,"ควรเติมทันที","OK")),"")),) -> OK | F13: =IFERROR(IF(A13<>"", SUMIF('💸 Transaction ซื้อ'!B:B,A13,'💸 Transaction ซื้อ'!G:G)/SUMIF('💸 Transaction ซื้อ'!B:B,A13,'💸 Transaction ซื้อ'!E:E),""),"-") -> 80 | G13: =IFERROR(IF(A13<>"",F13*B13,""),"-") -> 33120 | H13: 45430 | I13: 692 | J13: Deadstock | K13: =IF(A13<>"",IF(E13="InActive","-",SUMIFS('💰 Transaction ขาย'!E:E,'💰 Transaction ขาย'!B:B,A13,'💰 Transaction ขาย'!A:A,">"&'⚙️ Config'!$H$1-'⚙️ Config'!$H$2)),) -> 0 | L13: =IF(E13="InActive","-",IF(A13<>"",K13/'⚙️ Config'!$H$2,)) -> 0 | M13: =IF(E13="InActive","-",IF(L13<>"",(B13/L13)/30,)) -> #DIV/0! | N13: =IF(A13<>"", SUMIFS('💰 Transaction ขาย'!F:F,'💰 Transaction ขาย'!B:B,A13,'💰 Transaction ขาย'!A:A,">="&DATE(YEAR('⚙️ Config'!$H$1),1,1),'💰 Transaction ขาย'!A:A,"<="&DATE(YEAR('⚙️ Config'!$H$1),12,31)),) -> 0
A14: =IFERROR(__xludf.DUMMYFUNCTION("""COMPUTED_VALUE"""),"863 ฟ้าพาสเทลเข้ม") -> 863 ฟ้าพาสเทลเข้ม | B14: =IF(A14<>"",SUMIFS('💸 Transaction ซื้อ'!E:E,'💸 Transaction ซื้อ'!B:B,A14)-SUMIFS('💰 Transaction ขาย'!E:E,'💰 Transaction ขาย'!B:B,A14),"") -> 68 | C14: =IF(A14<>"",vlookup(A14,'📦 ชื่อสินค้า'!A:E,5,false),"") -> 81 | D14: =IF(A14<>"",VLOOKUP(A14,'📦 ชื่อสินค้า'!A:F,6,false),"") -> รุ่นสีอ่อน | E14: =IFERROR(IF(VLOOKUP(A14,'📦 ชื่อสินค้า'!A:G,7,false)="InActive","InActive",IF(A14<>"",IF(B14<=0,"สินค้าหมด",IF(B14<=C14,"ควรเติมทันที","OK")),"")),) -> ควรเติมทันที | F14: =IFERROR(IF(A14<>"", SUMIF('💸 Transaction ซื้อ'!B:B,A14,'💸 Transaction ซื้อ'!G:G)/SUMIF('💸 Transaction ซื้อ'!B:B,A14,'💸 Transaction ซื้อ'!E:E),""),"-") -> 80 | G14: =IFERROR(IF(A14<>"",F14*B14,""),"-") -> 5440 | H14: - | I14: - | J14: - | K14: =IF(A14<>"",IF(E14="InActive","-",SUMIFS('💰 Transaction ขาย'!E:E,'💰 Transaction ขาย'!B:B,A14,'💰 Transaction ขาย'!A:A,">"&'⚙️ Config'!$H$1-'⚙️ Config'!$H$2)),) -> 0 | L14: =IF(E14="InActive","-",IF(A14<>"",K14/'⚙️ Config'!$H$2,)) -> 0 | M14: =IF(E14="InActive","-",IF(L14<>"",(B14/L14)/30,)) -> #DIV/0! | N14: =IF(A14<>"", SUMIFS('💰 Transaction ขาย'!F:F,'💰 Transaction ขาย'!B:B,A14,'💰 Transaction ขาย'!A:A,">="&DATE(YEAR('⚙️ Config'!$H$1),1,1),'💰 Transaction ขาย'!A:A,"<="&DATE(YEAR('⚙️ Config'!$H$1),12,31)),) -> 0
A15: =IFERROR(__xludf.DUMMYFUNCTION("""COMPUTED_VALUE"""),"881 เปลือกไม้ รุ่นหยัก") -> 881 เปลือกไม้ รุ่นหยัก | B15: =IF(A15<>"",SUMIFS('💸 Transaction ซื้อ'!E:E,'💸 Transaction ซื้อ'!B:B,A15)-SUMIFS('💰 Transaction ขาย'!E:E,'💰 Transaction ขาย'!B:B,A15),"") -> -1 | C15: =IF(A15<>"",vlookup(A15,'📦 ชื่อสินค้า'!A:E,5,false),"") -> 5 | D15: =IF(A15<>"",VLOOKUP(A15,'📦 ชื่อสินค้า'!A:F,6,false),"") -> รุ่นหยัก | E15: =IFERROR(IF(VLOOKUP(A15,'📦 ชื่อสินค้า'!A:G,7,false)="InActive","InActive",IF(A15<>"",IF(B15<=0,"สินค้าหมด",IF(B15<=C15,"ควรเติมทันที","OK")),"")),) -> สินค้าหมด | F15: =IFERROR(IF(A15<>"", SUMIF('💸 Transaction ซื้อ'!B:B,A15,'💸 Transaction ซื้อ'!G:G)/SUMIF('💸 Transaction ซื้อ'!B:B,A15,'💸 Transaction ซื้อ'!E:E),""),"-") -> - | G15: =IFERROR(IF(A15<>"",F15*B15,""),"-") -> - | H15: 45411 | I15: 711 | J15: Deadstock | K15: =IF(A15<>"",IF(E15="InActive","-",SUMIFS('💰 Transaction ขาย'!E:E,'💰 Transaction ขาย'!B:B,A15,'💰 Transaction ขาย'!A:A,">"&'⚙️ Config'!$H$1-'⚙️ Config'!$H$2)),) -> 0 | L15: =IF(E15="InActive","-",IF(A15<>"",K15/'⚙️ Config'!$H$2,)) -> 0 | M15: =IF(E15="InActive","-",IF(L15<>"",(B15/L15)/30,)) -> #DIV/0! | N15: =IF(A15<>"", SUMIFS('💰 Transaction ขาย'!F:F,'💰 Transaction ขาย'!B:B,A15,'💰 Transaction ขาย'!A:A,">="&DATE(YEAR('⚙️ Config'!$H$1),1,1),'💰 Transaction ขาย'!A:A,"<="&DATE(YEAR('⚙️ Config'!$H$1),12,31)),) -> 0
A16: =IFERROR(__xludf.DUMMYFUNCTION("""COMPUTED_VALUE"""),"853 ชมพูพาสเทล") -> 853 ชมพูพาสเทล | B16: =IF(A16<>"",SUMIFS('💸 Transaction ซื้อ'!E:E,'💸 Transaction ซื้อ'!B:B,A16)-SUMIFS('💰 Transaction ขาย'!E:E,'💰 Transaction ขาย'!B:B,A16),"") -> -11 | C16: =IF(A16<>"",vlookup(A16,'📦 ชื่อสินค้า'!A:E,5,false),"") -> 5 | D16: =IF(A16<>"",VLOOKUP(A16,'📦 ชื่อสินค้า'!A:F,6,false),"") -> รุ่นสีอ่อน | E16: =IFERROR(IF(VLOOKUP(A16,'📦 ชื่อสินค้า'!A:G,7,false)="InActive","InActive",IF(A16<>"",IF(B16<=0,"สินค้าหมด",IF(B16<=C16,"ควรเติมทันที","OK")),"")),) -> สินค้าหมด | F16: =IFERROR(IF(A16<>"", SUMIF('💸 Transaction ซื้อ'!B:B,A16,'💸 Transaction ซื้อ'!G:G)/SUMIF('💸 Transaction ซื้อ'!B:B,A16,'💸 Transaction ซื้อ'!E:E),""),"-") -> - | G16: =IFERROR(IF(A16<>"",F16*B16,""),"-") -> - | H16: 45430 | I16: 692 | J16: Deadstock | K16: =IF(A16<>"",IF(E16="InActive","-",SUMIFS('💰 Transaction ขาย'!E:E,'💰 Transaction ขาย'!B:B,A16,'💰 Transaction ขาย'!A:A,">"&'⚙️ Config'!$H$1-'⚙️ Config'!$H$2)),) -> 0 | L16: =IF(E16="InActive","-",IF(A16<>"",K16/'⚙️ Config'!$H$2,)) -> 0 | M16: =IF(E16="InActive","-",IF(L16<>"",(B16/L16)/30,)) -> #DIV/0! | N16: =IF(A16<>"", SUMIFS('💰 Transaction ขาย'!F:F,'💰 Transaction ขาย'!B:B,A16,'💰 Transaction ขาย'!A:A,">="&DATE(YEAR('⚙️ Config'!$H$1),1,1),'💰 Transaction ขาย'!A:A,"<="&DATE(YEAR('⚙️ Config'!$H$1),12,31)),) -> 0
A17: =IFERROR(__xludf.DUMMYFUNCTION("""COMPUTED_VALUE"""),"862 ฟ้า PT อ่อน") -> 862 ฟ้า PT อ่อน | B17: =IF(A17<>"",SUMIFS('💸 Transaction ซื้อ'!E:E,'💸 Transaction ซื้อ'!B:B,A17)-SUMIFS('💰 Transaction ขาย'!E:E,'💰 Transaction ขาย'!B:B,A17),"") -> -14 | C17: =IF(A17<>"",vlookup(A17,'📦 ชื่อสินค้า'!A:E,5,false),"") -> 5 | D17: =IF(A17<>"",VLOOKUP(A17,'📦 ชื่อสินค้า'!A:F,6,false),"") -> รุ่นสีอ่อน | E17: =IFERROR(IF(VLOOKUP(A17,'📦 ชื่อสินค้า'!A:G,7,false)="InActive","InActive",IF(A17<>"",IF(B17<=0,"สินค้าหมด",IF(B17<=C17,"ควรเติมทันที","OK")),"")),) -> สินค้าหมด | F17: =IFERROR(IF(A17<>"", SUMIF('💸 Transaction ซื้อ'!B:B,A17,'💸 Transaction ซื้อ'!G:G)/SUMIF('💸 Transaction ซื้อ'!B:B,A17,'💸 Transaction ซื้อ'!E:E),""),"-") -> - | G17: =IFERROR(IF(A17<>"",F17*B17,""),"-") -> - | H17: 45430 | I17: 692 | J17: Deadstock | K17: =IF(A17<>"",IF(E17="InActive","-",SUMIFS('💰 Transaction ขาย'!E:E,'💰 Transaction ขาย'!B:B,A17,'💰 Transaction ขาย'!A:A,">"&'⚙️ Config'!$H$1-'⚙️ Config'!$H$2)),) -> 0 | L17: =IF(E17="InActive","-",IF(A17<>"",K17/'⚙️ Config'!$H$2,)) -> 0 | M17: =IF(E17="InActive","-",IF(L17<>"",(B17/L17)/30,)) -> #DIV/0! | N17: =IF(A17<>"", SUMIFS('💰 Transaction ขาย'!F:F,'💰 Transaction ขาย'!B:B,A17,'💰 Transaction ขาย'!A:A,">="&DATE(YEAR('⚙️ Config'!$H$1),1,1),'💰 Transaction ขาย'!A:A,"<="&DATE(YEAR('⚙️ Config'!$H$1),12,31)),) -> 0
A18: =IFERROR(__xludf.DUMMYFUNCTION("""COMPUTED_VALUE"""),"863 ฟ้า PT เข้ม") -> 863 ฟ้า PT เข้ม | B18: =IF(A18<>"",SUMIFS('💸 Transaction ซื้อ'!E:E,'💸 Transaction ซื้อ'!B:B,A18)-SUMIFS('💰 Transaction ขาย'!E:E,'💰 Transaction ขาย'!B:B,A18),"") -> 0 | C18: =IF(A18<>"",vlookup(A18,'📦 ชื่อสินค้า'!A:E,5,false),"") -> 5 | D18: =IF(A18<>"",VLOOKUP(A18,'📦 ชื่อสินค้า'!A:F,6,false),"") -> รุ่นสีอ่อน | E18: =IFERROR(IF(VLOOKUP(A18,'📦 ชื่อสินค้า'!A:G,7,false)="InActive","InActive",IF(A18<>"",IF(B18<=0,"สินค้าหมด",IF(B18<=C18,"ควรเติมทันที","OK")),"")),) -> สินค้าหมด | F18: =IFERROR(IF(A18<>"", SUMIF('💸 Transaction ซื้อ'!B:B,A18,'💸 Transaction ซื้อ'!G:G)/SUMIF('💸 Transaction ซื้อ'!B:B,A18,'💸 Transaction ซื้อ'!E:E),""),"-") -> - | G18: =IFERROR(IF(A18<>"",F18*B18,""),"-") -> - | H18: - | I18: - | J18: - | K18: =IF(A18<>"",IF(E18="InActive","-",SUMIFS('💰 Transaction ขาย'!E:E,'💰 Transaction ขาย'!B:B,A18,'💰 Transaction ขาย'!A:A,">"&'⚙️ Config'!$H$1-'⚙️ Config'!$H$2)),) -> 0 | L18: =IF(E18="InActive","-",IF(A18<>"",K18/'⚙️ Config'!$H$2,)) -> 0 | M18: =IF(E18="InActive","-",IF(L18<>"",(B18/L18)/30,)) -> #DIV/0! | N18: =IF(A18<>"", SUMIFS('💰 Transaction ขาย'!F:F,'💰 Transaction ขาย'!B:B,A18,'💰 Transaction ขาย'!A:A,">="&DATE(YEAR('⚙️ Config'!$H$1),1,1),'💰 Transaction ขาย'!A:A,"<="&DATE(YEAR('⚙️ Config'!$H$1),12,31)),) -> 0
A19: =IFERROR(__xludf.DUMMYFUNCTION("""COMPUTED_VALUE"""),"522 เหลืองอ่อน") -> 522 เหลืองอ่อน | B19: =IF(A19<>"",SUMIFS('💸 Transaction ซื้อ'!E:E,'💸 Transaction ซื้อ'!B:B,A19)-SUMIFS('💰 Transaction ขาย'!E:E,'💰 Transaction ขาย'!B:B,A19),"") -> -10 | C19: =IF(A19<>"",vlookup(A19,'📦 ชื่อสินค้า'!A:E,5,false),"") -> 5 | D19: =IF(A19<>"",VLOOKUP(A19,'📦 ชื่อสินค้า'!A:F,6,false),"") -> รุ่นสีอ่อน | E19: =IFERROR(IF(VLOOKUP(A19,'📦 ชื่อสินค้า'!A:G,7,false)="InActive","InActive",IF(A19<>"",IF(B19<=0,"สินค้าหมด",IF(B19<=C19,"ควรเติมทันที","OK")),"")),) -> สินค้าหมด | F19: =IFERROR(IF(A19<>"", SUMIF('💸 Transaction ซื้อ'!B:B,A19,'💸 Transaction ซื้อ'!G:G)/SUMIF('💸 Transaction ซื้อ'!B:B,A19,'💸 Transaction ซื้อ'!E:E),""),"-") -> - | G19: =IFERROR(IF(A19<>"",F19*B19,""),"-") -> - | H19: 45430 | I19: 692 | J19: Deadstock | K19: =IF(A19<>"",IF(E19="InActive","-",SUMIFS('💰 Transaction ขาย'!E:E,'💰 Transaction ขาย'!B:B,A19,'💰 Transaction ขาย'!A:A,">"&'⚙️ Config'!$H$1-'⚙️ Config'!$H$2)),) -> 0 | L19: =IF(E19="InActive","-",IF(A19<>"",K19/'⚙️ Config'!$H$2,)) -> 0 | M19: =IF(E19="InActive","-",IF(L19<>"",(B19/L19)/30,)) -> #DIV/0! | N19: =IF(A19<>"", SUMIFS('💰 Transaction ขาย'!F:F,'💰 Transaction ขาย'!B:B,A19,'💰 Transaction ขาย'!A:A,">="&DATE(YEAR('⚙️ Config'!$H$1),1,1),'💰 Transaction ขาย'!A:A,"<="&DATE(YEAR('⚙️ Config'!$H$1),12,31)),) -> 0
A20: =IFERROR(__xludf.DUMMYFUNCTION("""COMPUTED_VALUE"""),"571 เขียวหยก") -> 571 เขียวหยก | B20: =IF(A20<>"",SUMIFS('💸 Transaction ซื้อ'!E:E,'💸 Transaction ซื้อ'!B:B,A20)-SUMIFS('💰 Transaction ขาย'!E:E,'💰 Transaction ขาย'!B:B,A20),"") -> -10 | C20: =IF(A20<>"",vlookup(A20,'📦 ชื่อสินค้า'!A:E,5,false),"") -> 5 | D20: =IF(A20<>"",VLOOKUP(A20,'📦 ชื่อสินค้า'!A:F,6,false),"") -> รุ่นสีอ่อน | E20: =IFERROR(IF(VLOOKUP(A20,'📦 ชื่อสินค้า'!A:G,7,false)="InActive","InActive",IF(A20<>"",IF(B20<=0,"สินค้าหมด",IF(B20<=C20,"ควรเติมทันที","OK")),"")),) -> สินค้าหมด | F20: =IFERROR(IF(A20<>"", SUMIF('💸 Transaction ซื้อ'!B:B,A20,'💸 Transaction ซื้อ'!G:G)/SUMIF('💸 Transaction ซื้อ'!B:B,A20,'💸 Transaction ซื้อ'!E:E),""),"-") -> - | G20: =IFERROR(IF(A20<>"",F20*B20,""),"-") -> - | H20: 45430 | I20: 692 | J20: Deadstock | K20: =IF(A20<>"",IF(E20="InActive","-",SUMIFS('💰 Transaction ขาย'!E:E,'💰 Transaction ขาย'!B:B,A20,'💰 Transaction ขาย'!A:A,">"&'⚙️ Config'!$H$1-'⚙️ Config'!$H$2)),) -> 0 | L20: =IF(E20="InActive","-",IF(A20<>"",K20/'⚙️ Config'!$H$2,)) -> 0 | M20: =IF(E20="InActive","-",IF(L20<>"",(B20/L20)/30,)) -> #DIV/0! | N20: =IF(A20<>"", SUMIFS('💰 Transaction ขาย'!F:F,'💰 Transaction ขาย'!B:B,A20,'💰 Transaction ขาย'!A:A,">="&DATE(YEAR('⚙️ Config'!$H$1),1,1),'💰 Transaction ขาย'!A:A,"<="&DATE(YEAR('⚙️ Config'!$H$1),12,31)),) -> 0
A21: =IFERROR(__xludf.DUMMYFUNCTION("""COMPUTED_VALUE"""),"882 กาแฟ") -> 882 กาแฟ | B21: =IF(A21<>"",SUMIFS('💸 Transaction ซื้อ'!E:E,'💸 Transaction ซื้อ'!B:B,A21)-SUMIFS('💰 Transaction ขาย'!E:E,'💰 Transaction ขาย'!B:B,A21),"") -> -10 | C21: =IF(A21<>"",vlookup(A21,'📦 ชื่อสินค้า'!A:E,5,false),"") -> 5 | D21: =IF(A21<>"",VLOOKUP(A21,'📦 ชื่อสินค้า'!A:F,6,false),"") -> รุ่นสีอ่อน | E21: =IFERROR(IF(VLOOKUP(A21,'📦 ชื่อสินค้า'!A:G,7,false)="InActive","InActive",IF(A21<>"",IF(B21<=0,"สินค้าหมด",IF(B21<=C21,"ควรเติมทันที","OK")),"")),) -> สินค้าหมด | F21: =IFERROR(IF(A21<>"", SUMIF('💸 Transaction ซื้อ'!B:B,A21,'💸 Transaction ซื้อ'!G:G)/SUMIF('💸 Transaction ซื้อ'!B:B,A21,'💸 Transaction ซื้อ'!E:E),""),"-") -> - | G21: =IFERROR(IF(A21<>"",F21*B21,""),"-") -> - | H21: 45430 | I21: 692 | J21: Deadstock | K21: =IF(A21<>"",IF(E21="InActive","-",SUMIFS('💰 Transaction ขาย'!E:E,'💰 Transaction ขาย'!B:B,A21,'💰 Transaction ขาย'!A:A,">"&'⚙️ Config'!$H$1-'⚙️ Config'!$H$2)),) -> 0 | L21: =IF(E21="InActive","-",IF(A21<>"",K21/'⚙️ Config'!$H$2,)) -> 0 | M21: =IF(E21="InActive","-",IF(L21<>"",(B21/L21)/30,)) -> #DIV/0! | N21: =IF(A21<>"", SUMIFS('💰 Transaction ขาย'!F:F,'💰 Transaction ขาย'!B:B,A21,'💰 Transaction ขาย'!A:A,">="&DATE(YEAR('⚙️ Config'!$H$1),1,1),'💰 Transaction ขาย'!A:A,"<="&DATE(YEAR('⚙️ Config'!$H$1),12,31)),) -> 0
A22: =IFERROR(__xludf.DUMMYFUNCTION("""COMPUTED_VALUE"""),"511 กรีนรีด") -> 511 กรีนรีด | B22: =IF(A22<>"",SUMIFS('💸 Transaction ซื้อ'!E:E,'💸 Transaction ซื้อ'!B:B,A22)-SUMIFS('💰 Transaction ขาย'!E:E,'💰 Transaction ขาย'!B:B,A22),"") -> 0 | C22: =IF(A22<>"",vlookup(A22,'📦 ชื่อสินค้า'!A:E,5,false),"") -> 5 | D22: =IF(A22<>"",VLOOKUP(A22,'📦 ชื่อสินค้า'!A:F,6,false),"") -> รุ่นสีอ่อน | E22: =IFERROR(IF(VLOOKUP(A22,'📦 ชื่อสินค้า'!A:G,7,false)="InActive","InActive",IF(A22<>"",IF(B22<=0,"สินค้าหมด",IF(B22<=C22,"ควรเติมทันที","OK")),"")),) -> สินค้าหมด | F22: =IFERROR(IF(A22<>"", SUMIF('💸 Transaction ซื้อ'!B:B,A22,'💸 Transaction ซื้อ'!G:G)/SUMIF('💸 Transaction ซื้อ'!B:B,A22,'💸 Transaction ซื้อ'!E:E),""),"-") -> - | G22: =IFERROR(IF(A22<>"",F22*B22,""),"-") -> - | H22: - | I22: - | J22: - | K22: =IF(A22<>"",IF(E22="InActive","-",SUMIFS('💰 Transaction ขาย'!E:E,'💰 Transaction ขาย'!B:B,A22,'💰 Transaction ขาย'!A:A,">"&'⚙️ Config'!$H$1-'⚙️ Config'!$H$2)),) -> 0 | L22: =IF(E22="InActive","-",IF(A22<>"",K22/'⚙️ Config'!$H$2,)) -> 0 | M22: =IF(E22="InActive","-",IF(L22<>"",(B22/L22)/30,)) -> #DIV/0! | N22: =IF(A22<>"", SUMIFS('💰 Transaction ขาย'!F:F,'💰 Transaction ขาย'!B:B,A22,'💰 Transaction ขาย'!A:A,">="&DATE(YEAR('⚙️ Config'!$H$1),1,1),'💰 Transaction ขาย'!A:A,"<="&DATE(YEAR('⚙️ Config'!$H$1),12,31)),) -> 0
B23: =IF(A23<>"",SUMIFS('💸 Transaction ซื้อ'!E:E,'💸 Transaction ซื้อ'!B:B,A23)-SUMIFS('💰 Transaction ขาย'!E:E,'💰 Transaction ขาย'!B:B,A23),"") | C23: =IF(A23<>"",vlookup(A23,'📦 ชื่อสินค้า'!A:E,5,false),"") | D23: =IF(A23<>"",VLOOKUP(A23,'📦 ชื่อสินค้า'!A:F,6,false),"") | E23: =IFERROR(IF(VLOOKUP(A23,'📦 ชื่อสินค้า'!A:G,7,false)="InActive","InActive",IF(A23<>"",IF(B23<=0,"สินค้าหมด",IF(B23<=C23,"ควรเติมทันที","OK")),"")),) | F23: =IFERROR(IF(A23<>"", SUMIF('💸 Transaction ซื้อ'!B:B,A23,'💸 Transaction ซื้อ'!G:G)/SUMIF('💸 Transaction ซื้อ'!B:B,A23,'💸 Transaction ซื้อ'!E:E),""),"-") | G23: =IFERROR(IF(A23<>"",F23*B23,""),"-") | K23: =IF(A23<>"",IF(E23="InActive","-",SUMIFS('💰 Transaction ขาย'!E:E,'💰 Transaction ขาย'!B:B,A23,'💰 Transaction ขาย'!A:A,">"&'⚙️ Config'!$H$1-'⚙️ Config'!$H$2)),) | L23: =IF(E23="InActive","-",IF(A23<>"",K23/'⚙️ Config'!$H$2,)) | M23: =IF(E23="InActive","-",IF(L23<>"",(B23/L23)/30,)) | N23: =IF(A23<>"", SUMIFS('💰 Transaction ขาย'!F:F,'💰 Transaction ขาย'!B:B,A23,'💰 Transaction ขาย'!A:A,">="&DATE(YEAR('⚙️ Config'!$H$1),1,1),'💰 Transaction ขาย'!A:A,"<="&DATE(YEAR('⚙️ Config'!$H$1),12,31)),)
B24: =IF(A24<>"",SUMIFS('💸 Transaction ซื้อ'!E:E,'💸 Transaction ซื้อ'!B:B,A24)-SUMIFS('💰 Transaction ขาย'!E:E,'💰 Transaction ขาย'!B:B,A24),"") | C24: =IF(A24<>"",vlookup(A24,'📦 ชื่อสินค้า'!A:E,5,false),"") | D24: =IF(A24<>"",VLOOKUP(A24,'📦 ชื่อสินค้า'!A:F,6,false),"") | E24: =IFERROR(IF(VLOOKUP(A24,'📦 ชื่อสินค้า'!A:G,7,false)="InActive","InActive",IF(A24<>"",IF(B24<=0,"สินค้าหมด",IF(B24<=C24,"ควรเติมทันที","OK")),"")),) | F24: =IFERROR(IF(A24<>"", SUMIF('💸 Transaction ซื้อ'!B:B,A24,'💸 Transaction ซื้อ'!G:G)/SUMIF('💸 Transaction ซื้อ'!B:B,A24,'💸 Transaction ซื้อ'!E:E),""),"-") | G24: =IFERROR(IF(A24<>"",F24*B24,""),"-") | K24: =IF(A24<>"",IF(E24="InActive","-",SUMIFS('💰 Transaction ขาย'!E:E,'💰 Transaction ขาย'!B:B,A24,'💰 Transaction ขาย'!A:A,">"&'⚙️ Config'!$H$1-'⚙️ Config'!$H$2)),) | L24: =IF(E24="InActive","-",IF(A24<>"",K24/'⚙️ Config'!$H$2,)) | M24: =IF(E24="InActive","-",IF(L24<>"",(B24/L24)/30,)) | N24: =IF(A24<>"", SUMIFS('💰 Transaction ขาย'!F:F,'💰 Transaction ขาย'!B:B,A24,'💰 Transaction ขาย'!A:A,">="&DATE(YEAR('⚙️ Config'!$H$1),1,1),'💰 Transaction ขาย'!A:A,"<="&DATE(YEAR('⚙️ Config'!$H$1),12,31)),)
B25: =IF(A25<>"",SUMIFS('💸 Transaction ซื้อ'!E:E,'💸 Transaction ซื้อ'!B:B,A25)-SUMIFS('💰 Transaction ขาย'!E:E,'💰 Transaction ขาย'!B:B,A25),"") | C25: =IF(A25<>"",vlookup(A25,'📦 ชื่อสินค้า'!A:E,5,false),"") | D25: =IF(A25<>"",VLOOKUP(A25,'📦 ชื่อสินค้า'!A:F,6,false),"") | E25: =IFERROR(IF(VLOOKUP(A25,'📦 ชื่อสินค้า'!A:G,7,false)="InActive","InActive",IF(A25<>"",IF(B25<=0,"สินค้าหมด",IF(B25<=C25,"ควรเติมทันที","OK")),"")),) | F25: =IFERROR(IF(A25<>"", SUMIF('💸 Transaction ซื้อ'!B:B,A25,'💸 Transaction ซื้อ'!G:G)/SUMIF('💸 Transaction ซื้อ'!B:B,A25,'💸 Transaction ซื้อ'!E:E),""),"-") | G25: =IFERROR(IF(A25<>"",F25*B25,""),"-") | K25: =IF(A25<>"",IF(E25="InActive","-",SUMIFS('💰 Transaction ขาย'!E:E,'💰 Transaction ขาย'!B:B,A25,'💰 Transaction ขาย'!A:A,">"&'⚙️ Config'!$H$1-'⚙️ Config'!$H$2)),) | L25: =IF(E25="InActive","-",IF(A25<>"",K25/'⚙️ Config'!$H$2,)) | M25: =IF(E25="InActive","-",IF(L25<>"",(B25/L25)/30,)) | N25: =IF(A25<>"", SUMIFS('💰 Transaction ขาย'!F:F,'💰 Transaction ขาย'!B:B,A25,'💰 Transaction ขาย'!A:A,">="&DATE(YEAR('⚙️ Config'!$H$1),1,1),'💰 Transaction ขาย'!A:A,"<="&DATE(YEAR('⚙️ Config'!$H$1),12,31)),)
B26: =IF(A26<>"",SUMIFS('💸 Transaction ซื้อ'!E:E,'💸 Transaction ซื้อ'!B:B,A26)-SUMIFS('💰 Transaction ขาย'!E:E,'💰 Transaction ขาย'!B:B,A26),"") | C26: =IF(A26<>"",vlookup(A26,'📦 ชื่อสินค้า'!A:E,5,false),"") | D26: =IF(A26<>"",VLOOKUP(A26,'📦 ชื่อสินค้า'!A:F,6,false),"") | E26: =IFERROR(IF(VLOOKUP(A26,'📦 ชื่อสินค้า'!A:G,7,false)="InActive","InActive",IF(A26<>"",IF(B26<=0,"สินค้าหมด",IF(B26<=C26,"ควรเติมทันที","OK")),"")),) | F26: =IFERROR(IF(A26<>"", SUMIF('💸 Transaction ซื้อ'!B:B,A26,'💸 Transaction ซื้อ'!G:G)/SUMIF('💸 Transaction ซื้อ'!B:B,A26,'💸 Transaction ซื้อ'!E:E),""),"-") | G26: =IFERROR(IF(A26<>"",F26*B26,""),"-") | K26: =IF(A26<>"",IF(E26="InActive","-",SUMIFS('💰 Transaction ขาย'!E:E,'💰 Transaction ขาย'!B:B,A26,'💰 Transaction ขาย'!A:A,">"&'⚙️ Config'!$H$1-'⚙️ Config'!$H$2)),) | L26: =IF(E26="InActive","-",IF(A26<>"",K26/'⚙️ Config'!$H$2,)) | M26: =IF(E26="InActive","-",IF(L26<>"",(B26/L26)/30,)) | N26: =IF(A26<>"", SUMIFS('💰 Transaction ขาย'!F:F,'💰 Transaction ขาย'!B:B,A26,'💰 Transaction ขาย'!A:A,">="&DATE(YEAR('⚙️ Config'!$H$1),1,1),'💰 Transaction ขาย'!A:A,"<="&DATE(YEAR('⚙️ Config'!$H$1),12,31)),)
B27: =IF(A27<>"",SUMIFS('💸 Transaction ซื้อ'!E:E,'💸 Transaction ซื้อ'!B:B,A27)-SUMIFS('💰 Transaction ขาย'!E:E,'💰 Transaction ขาย'!B:B,A27),"") | C27: =IF(A27<>"",vlookup(A27,'📦 ชื่อสินค้า'!A:E,5,false),"") | D27: =IF(A27<>"",VLOOKUP(A27,'📦 ชื่อสินค้า'!A:F,6,false),"") | E27: =IFERROR(IF(VLOOKUP(A27,'📦 ชื่อสินค้า'!A:G,7,false)="InActive","InActive",IF(A27<>"",IF(B27<=0,"สินค้าหมด",IF(B27<=C27,"ควรเติมทันที","OK")),"")),) | F27: =IFERROR(IF(A27<>"", SUMIF('💸 Transaction ซื้อ'!B:B,A27,'💸 Transaction ซื้อ'!G:G)/SUMIF('💸 Transaction ซื้อ'!B:B,A27,'💸 Transaction ซื้อ'!E:E),""),"-") | G27: =IFERROR(IF(A27<>"",F27*B27,""),"-") | K27: =IF(A27<>"",IF(E27="InActive","-",SUMIFS('💰 Transaction ขาย'!E:E,'💰 Transaction ขาย'!B:B,A27,'💰 Transaction ขาย'!A:A,">"&'⚙️ Config'!$H$1-'⚙️ Config'!$H$2)),) | L27: =IF(E27="InActive","-",IF(A27<>"",K27/'⚙️ Config'!$H$2,)) | M27: =IF(E27="InActive","-",IF(L27<>"",(B27/L27)/30,)) | N27: =IF(A27<>"", SUMIFS('💰 Transaction ขาย'!F:F,'💰 Transaction ขาย'!B:B,A27,'💰 Transaction ขาย'!A:A,">="&DATE(YEAR('⚙️ Config'!$H$1),1,1),'💰 Transaction ขาย'!A:A,"<="&DATE(YEAR('⚙️ Config'!$H$1),12,31)),)
B28: =IF(A28<>"",SUMIFS('💸 Transaction ซื้อ'!E:E,'💸 Transaction ซื้อ'!B:B,A28)-SUMIFS('💰 Transaction ขาย'!E:E,'💰 Transaction ขาย'!B:B,A28),"") | C28: =IF(A28<>"",vlookup(A28,'📦 ชื่อสินค้า'!A:E,5,false),"") | D28: =IF(A28<>"",VLOOKUP(A28,'📦 ชื่อสินค้า'!A:F,6,false),"") | E28: =IFERROR(IF(VLOOKUP(A28,'📦 ชื่อสินค้า'!A:G,7,false)="InActive","InActive",IF(A28<>"",IF(B28<=0,"สินค้าหมด",IF(B28<=C28,"ควรเติมทันที","OK")),"")),) | F28: =IFERROR(IF(A28<>"", SUMIF('💸 Transaction ซื้อ'!B:B,A28,'💸 Transaction ซื้อ'!G:G)/SUMIF('💸 Transaction ซื้อ'!B:B,A28,'💸 Transaction ซื้อ'!E:E),""),"-") | G28: =IFERROR(IF(A28<>"",F28*B28,""),"-") | K28: =IF(A28<>"",IF(E28="InActive","-",SUMIFS('💰 Transaction ขาย'!E:E,'💰 Transaction ขาย'!B:B,A28,'💰 Transaction ขาย'!A:A,">"&'⚙️ Config'!$H$1-'⚙️ Config'!$H$2)),) | L28: =IF(E28="InActive","-",IF(A28<>"",K28/'⚙️ Config'!$H$2,)) | M28: =IF(E28="InActive","-",IF(L28<>"",(B28/L28)/30,)) | N28: =IF(A28<>"", SUMIFS('💰 Transaction ขาย'!F:F,'💰 Transaction ขาย'!B:B,A28,'💰 Transaction ขาย'!A:A,">="&DATE(YEAR('⚙️ Config'!$H$1),1,1),'💰 Transaction ขาย'!A:A,"<="&DATE(YEAR('⚙️ Config'!$H$1),12,31)),)
B29: =IF(A29<>"",SUMIFS('💸 Transaction ซื้อ'!E:E,'💸 Transaction ซื้อ'!B:B,A29)-SUMIFS('💰 Transaction ขาย'!E:E,'💰 Transaction ขาย'!B:B,A29),"") | C29: =IF(A29<>"",vlookup(A29,'📦 ชื่อสินค้า'!A:E,5,false),"") | D29: =IF(A29<>"",VLOOKUP(A29,'📦 ชื่อสินค้า'!A:F,6,false),"") | E29: =IFERROR(IF(VLOOKUP(A29,'📦 ชื่อสินค้า'!A:G,7,false)="InActive","InActive",IF(A29<>"",IF(B29<=0,"สินค้าหมด",IF(B29<=C29,"ควรเติมทันที","OK")),"")),) | F29: =IFERROR(IF(A29<>"", SUMIF('💸 Transaction ซื้อ'!B:B,A29,'💸 Transaction ซื้อ'!G:G)/SUMIF('💸 Transaction ซื้อ'!B:B,A29,'💸 Transaction ซื้อ'!E:E),""),"-") | G29: =IFERROR(IF(A29<>"",F29*B29,""),"-") | K29: =IF(A29<>"",IF(E29="InActive","-",SUMIFS('💰 Transaction ขาย'!E:E,'💰 Transaction ขาย'!B:B,A29,'💰 Transaction ขาย'!A:A,">"&'⚙️ Config'!$H$1-'⚙️ Config'!$H$2)),) | L29: =IF(E29="InActive","-",IF(A29<>"",K29/'⚙️ Config'!$H$2,)) | M29: =IF(E29="InActive","-",IF(L29<>"",(B29/L29)/30,)) | N29: =IF(A29<>"", SUMIFS('💰 Transaction ขาย'!F:F,'💰 Transaction ขาย'!B:B,A29,'💰 Transaction ขาย'!A:A,">="&DATE(YEAR('⚙️ Config'!$H$1),1,1),'💰 Transaction ขาย'!A:A,"<="&DATE(YEAR('⚙️ Config'!$H$1),12,31)),)
B30: =IF(A30<>"",SUMIFS('💸 Transaction ซื้อ'!E:E,'💸 Transaction ซื้อ'!B:B,A30)-SUMIFS('💰 Transaction ขาย'!E:E,'💰 Transaction ขาย'!B:B,A30),"") | C30: =IF(A30<>"",vlookup(A30,'📦 ชื่อสินค้า'!A:E,5,false),"") | D30: =IF(A30<>"",VLOOKUP(A30,'📦 ชื่อสินค้า'!A:F,6,false),"") | E30: =IFERROR(IF(VLOOKUP(A30,'📦 ชื่อสินค้า'!A:G,7,false)="InActive","InActive",IF(A30<>"",IF(B30<=0,"สินค้าหมด",IF(B30<=C30,"ควรเติมทันที","OK")),"")),) | F30: =IFERROR(IF(A30<>"", SUMIF('💸 Transaction ซื้อ'!B:B,A30,'💸 Transaction ซื้อ'!G:G)/SUMIF('💸 Transaction ซื้อ'!B:B,A30,'💸 Transaction ซื้อ'!E:E),""),"-") | G30: =IFERROR(IF(A30<>"",F30*B30,""),"-") | K30: =IF(A30<>"",IF(E30="InActive","-",SUMIFS('💰 Transaction ขาย'!E:E,'💰 Transaction ขาย'!B:B,A30,'💰 Transaction ขาย'!A:A,">"&'⚙️ Config'!$H$1-'⚙️ Config'!$H$2)),) | L30: =IF(E30="InActive","-",IF(A30<>"",K30/'⚙️ Config'!$H$2,)) | M30: =IF(E30="InActive","-",IF(L30<>"",(B30/L30)/30,)) | N30: =IF(A30<>"", SUMIFS('💰 Transaction ขาย'!F:F,'💰 Transaction ขาย'!B:B,A30,'💰 Transaction ขาย'!A:A,">="&DATE(YEAR('⚙️ Config'!$H$1),1,1),'💰 Transaction ขาย'!A:A,"<="&DATE(YEAR('⚙️ Config'!$H$1),12,31)),)
B31: =IF(A31<>"",SUMIFS('💸 Transaction ซื้อ'!E:E,'💸 Transaction ซื้อ'!B:B,A31)-SUMIFS('💰 Transaction ขาย'!E:E,'💰 Transaction ขาย'!B:B,A31),"") | C31: =IF(A31<>"",vlookup(A31,'📦 ชื่อสินค้า'!A:E,5,false),"") | D31: =IF(A31<>"",VLOOKUP(A31,'📦 ชื่อสินค้า'!A:F,6,false),"") | E31: =IFERROR(IF(VLOOKUP(A31,'📦 ชื่อสินค้า'!A:G,7,false)="InActive","InActive",IF(A31<>"",IF(B31<=0,"สินค้าหมด",IF(B31<=C31,"ควรเติมทันที","OK")),"")),) | F31: =IFERROR(IF(A31<>"", SUMIF('💸 Transaction ซื้อ'!B:B,A31,'💸 Transaction ซื้อ'!G:G)/SUMIF('💸 Transaction ซื้อ'!B:B,A31,'💸 Transaction ซื้อ'!E:E),""),"-") | G31: =IFERROR(IF(A31<>"",F31*B31,""),"-") | K31: =IF(A31<>"",IF(E31="InActive","-",SUMIFS('💰 Transaction ขาย'!E:E,'💰 Transaction ขาย'!B:B,A31,'💰 Transaction ขาย'!A:A,">"&'⚙️ Config'!$H$1-'⚙️ Config'!$H$2)),) | L31: =IF(E31="InActive","-",IF(A31<>"",K31/'⚙️ Config'!$H$2,)) | M31: =IF(E31="InActive","-",IF(L31<>"",(B31/L31)/30,)) | N31: =IF(A31<>"", SUMIFS('💰 Transaction ขาย'!F:F,'💰 Transaction ขาย'!B:B,A31,'💰 Transaction ขาย'!A:A,">="&DATE(YEAR('⚙️ Config'!$H$1),1,1),'💰 Transaction ขาย'!A:A,"<="&DATE(YEAR('⚙️ Config'!$H$1),12,31)),)
B32: =IF(A32<>"",SUMIFS('💸 Transaction ซื้อ'!E:E,'💸 Transaction ซื้อ'!B:B,A32)-SUMIFS('💰 Transaction ขาย'!E:E,'💰 Transaction ขาย'!B:B,A32),"") | C32: =IF(A32<>"",vlookup(A32,'📦 ชื่อสินค้า'!A:E,5,false),"") | D32: =IF(A32<>"",VLOOKUP(A32,'📦 ชื่อสินค้า'!A:F,6,false),"") | E32: =IFERROR(IF(VLOOKUP(A32,'📦 ชื่อสินค้า'!A:G,7,false)="InActive","InActive",IF(A32<>"",IF(B32<=0,"สินค้าหมด",IF(B32<=C32,"ควรเติมทันที","OK")),"")),) | F32: =IFERROR(IF(A32<>"", SUMIF('💸 Transaction ซื้อ'!B:B,A32,'💸 Transaction ซื้อ'!G:G)/SUMIF('💸 Transaction ซื้อ'!B:B,A32,'💸 Transaction ซื้อ'!E:E),""),"-") | G32: =IFERROR(IF(A32<>"",F32*B32,""),"-") | K32: =IF(A32<>"",IF(E32="InActive","-",SUMIFS('💰 Transaction ขาย'!E:E,'💰 Transaction ขาย'!B:B,A32,'💰 Transaction ขาย'!A:A,">"&'⚙️ Config'!$H$1-'⚙️ Config'!$H$2)),) | L32: =IF(E32="InActive","-",IF(A32<>"",K32/'⚙️ Config'!$H$2,)) | M32: =IF(E32="InActive","-",IF(L32<>"",(B32/L32)/30,)) | N32: =IF(A32<>"", SUMIFS('💰 Transaction ขาย'!F:F,'💰 Transaction ขาย'!B:B,A32,'💰 Transaction ขาย'!A:A,">="&DATE(YEAR('⚙️ Config'!$H$1),1,1),'💰 Transaction ขาย'!A:A,"<="&DATE(YEAR('⚙️ Config'!$H$1),12,31)),)
B33: =IF(A33<>"",SUMIFS('💸 Transaction ซื้อ'!E:E,'💸 Transaction ซื้อ'!B:B,A33)-SUMIFS('💰 Transaction ขาย'!E:E,'💰 Transaction ขาย'!B:B,A33),"") | C33: =IF(A33<>"",vlookup(A33,'📦 ชื่อสินค้า'!A:E,5,false),"") | D33: =IF(A33<>"",VLOOKUP(A33,'📦 ชื่อสินค้า'!A:F,6,false),"") | E33: =IFERROR(IF(VLOOKUP(A33,'📦 ชื่อสินค้า'!A:G,7,false)="InActive","InActive",IF(A33<>"",IF(B33<=0,"สินค้าหมด",IF(B33<=C33,"ควรเติมทันที","OK")),"")),) | F33: =IFERROR(IF(A33<>"", SUMIF('💸 Transaction ซื้อ'!B:B,A33,'💸 Transaction ซื้อ'!G:G)/SUMIF('💸 Transaction ซื้อ'!B:B,A33,'💸 Transaction ซื้อ'!E:E),""),"-") | G33: =IFERROR(IF(A33<>"",F33*B33,""),"-") | K33: =IF(A33<>"",IF(E33="InActive","-",SUMIFS('💰 Transaction ขาย'!E:E,'💰 Transaction ขาย'!B:B,A33,'💰 Transaction ขาย'!A:A,">"&'⚙️ Config'!$H$1-'⚙️ Config'!$H$2)),) | L33: =IF(E33="InActive","-",IF(A33<>"",K33/'⚙️ Config'!$H$2,)) | M33: =IF(E33="InActive","-",IF(L33<>"",(B33/L33)/30,)) | N33: =IF(A33<>"", SUMIFS('💰 Transaction ขาย'!F:F,'💰 Transaction ขาย'!B:B,A33,'💰 Transaction ขาย'!A:A,">="&DATE(YEAR('⚙️ Config'!$H$1),1,1),'💰 Transaction ขาย'!A:A,"<="&DATE(YEAR('⚙️ Config'!$H$1),12,31)),)
B34: =IF(A34<>"",SUMIFS('💸 Transaction ซื้อ'!E:E,'💸 Transaction ซื้อ'!B:B,A34)-SUMIFS('💰 Transaction ขาย'!E:E,'💰 Transaction ขาย'!B:B,A34),"") | C34: =IF(A34<>"",vlookup(A34,'📦 ชื่อสินค้า'!A:E,5,false),"") | D34: =IF(A34<>"",VLOOKUP(A34,'📦 ชื่อสินค้า'!A:F,6,false),"") | E34: =IFERROR(IF(VLOOKUP(A34,'📦 ชื่อสินค้า'!A:G,7,false)="InActive","InActive",IF(A34<>"",IF(B34<=0,"สินค้าหมด",IF(B34<=C34,"ควรเติมทันที","OK")),"")),) | F34: =IFERROR(IF(A34<>"", SUMIF('💸 Transaction ซื้อ'!B:B,A34,'💸 Transaction ซื้อ'!G:G)/SUMIF('💸 Transaction ซื้อ'!B:B,A34,'💸 Transaction ซื้อ'!E:E),""),"-") | G34: =IFERROR(IF(A34<>"",F34*B34,""),"-") | K34: =IF(A34<>"",IF(E34="InActive","-",SUMIFS('💰 Transaction ขาย'!E:E,'💰 Transaction ขาย'!B:B,A34,'💰 Transaction ขาย'!A:A,">"&'⚙️ Config'!$H$1-'⚙️ Config'!$H$2)),) | L34: =IF(E34="InActive","-",IF(A34<>"",K34/'⚙️ Config'!$H$2,)) | M34: =IF(E34="InActive","-",IF(L34<>"",(B34/L34)/30,)) | N34: =IF(A34<>"", SUMIFS('💰 Transaction ขาย'!F:F,'💰 Transaction ขาย'!B:B,A34,'💰 Transaction ขาย'!A:A,">="&DATE(YEAR('⚙️ Config'!$H$1),1,1),'💰 Transaction ขาย'!A:A,"<="&DATE(YEAR('⚙️ Config'!$H$1),12,31)),)
... B1000: =IF(A1000<>"",SUMIFS('💸 Transaction ซื้อ'!E:E,'💸 Transaction ซื้อ'!B:B,A1000)-SUMIFS('💰 Transaction ขาย'!E:E,'💰 Transaction ขาย'!B:B,A1000),"") | C1000: =IF(A1000<>"",vlookup(A1000,'📦 ชื่อสินค้า'!A:E,5,false),"") | D1000: =IF(A1000<>"",VLOOKUP(A1000,'📦 ชื่อสินค้า'!A:F,6,false),"") | E1000: =IFERROR(IF(VLOOKUP(A1000,'📦 ชื่อสินค้า'!A:G,7,false)="InActive","InActive",IF(A1000<>"",IF(B1000<=0,"สินค้าหมด",IF(B1000<=C1000,"ควรเติมทันที","OK")),"")),) | F1000: =IFERROR(IF(A1000<>"", SUMIF('💸 Transaction ซื้อ'!B:B,A1000,'💸 Transaction ซื้อ'!G:G)/SUMIF('💸 Transaction ซื้อ'!B:B,A1000,'💸 Transaction ซื้อ'!E:E),""),"-") | G1000: =IFERROR(IF(A1000<>"",F1000*B1000,""),"-") | K1000: =IF(A1000<>"",IF(E1000="InActive","-",SUMIFS('💰 Transaction ขาย'!E:E,'💰 Transaction ขาย'!B:B,A1000,'💰 Transaction ขาย'!A:A,">"&'⚙️ Config'!$H$1-'⚙️ Config'!$H$2)),) | L1000: =IF(E1000="InActive","-",IF(A1000<>"",K1000/'⚙️ Config'!$H$2,)) | M1000: =IF(E1000="InActive","-",IF(L1000<>"",(B1000/L1000)/30,)) | N1000: =IF(A1000<>"", SUMIFS('💰 Transaction ขาย'!F:F,'💰 Transaction ขาย'!B:B,A1000,'💰 Transaction ขาย'!A:A,">="&DATE(YEAR('⚙️ Config'!$H$1),1,1),'💰 Transaction ขาย'!A:A,"<="&DATE(YEAR('⚙️ Config'!$H$1),12,31)),)

Sheet 📊 Inventory Dashboard
D3: เลือกปี | E3: 2024
D4: เลือกเดือน | E4: 1

Sheet 📊 Product Search
B5: ชื่อสินค้า
B6: สถานะการเติมสินค้า | C6: เลือกทั้งหมด
B7: ประเภทการเคลื่อนไหว | C7: เลือกทั้งหมด
B8: กลุ่มสินค้า | C8: เลือกทั้งหมด
B10: =IFERROR(__xludf.DUMMYFUNCTION("QUERY('📊 รายงานสินค้าคงเหลือ'!A:N,""select A,B,D,E,F,G,H,I,J,K,L,M,N where A like '%""&C5&""%' ""&IF(C6=""เลือกทั้งหมด"","""",""AND E = '""&C6&""'"")&IF(C7=""เลือกทั้งหมด"","""",""AND J = '""&C7&""'"")&IF(C8=""เลือกทั้งหมด"","""",""AND D = '""&C8&""'"")&"&"""order by N desc"",1)"),"ชื่อสินค้า") -> ชื่อสินค้า | C10: =IFERROR(__xludf.DUMMYFUNCTION("""COMPUTED_VALUE"""),"จำนวนสินค้าคงเหลือ") -> จำนวนสินค้าคงเหลือ | D10: =IFERROR(__xludf.DUMMYFUNCTION("""COMPUTED_VALUE"""),"กลุ่มสินค้า") -> กลุ่มสินค้า | E10: =IFERROR(__xludf.DUMMYFUNCTION("""COMPUTED_VALUE"""),"สถานะการเติมสินค้า") -> สถานะการเติมสินค้า | F10: =IFERROR(__xludf.DUMMYFUNCTION("""COMPUTED_VALUE"""),"ต้นทุนเฉลี่ยต่อชิ้น") -> ต้นทุนเฉลี่ยต่อชิ้น | G10: =IFERROR(__xludf.DUMMYFUNCTION("""COMPUTED_VALUE"""),"ต้นทุนรวมปัจจุบัน") -> ต้นทุนรวมปัจจุบัน | H10: =IFERROR(__xludf.DUMMYFUNCTION("""COMPUTED_VALUE"""),"วันที่ขายล่าสุด") -> วันที่ขายล่าสุด | I10: =IFERROR(__xludf.DUMMYFUNCTION("""COMPUTED_VALUE"""),"จำนวนวันที่ไม่เคลื่อนไหว") -> จำนวนวันที่ไม่เคลื่อนไหว | J10: =IFERROR(__xludf.DUMMYFUNCTION("""COMPUTED_VALUE"""),"ประเภทการเคลื่อนไหวสินค้า") -> ประเภทการเคลื่อนไหวสินค้า | K10: =IFERROR(__xludf.DUMMYFUNCTION("""COMPUTED_VALUE"""),"อัตราขายเฉลี่ยใน 30 วัน ที่ผ่านมา") -> อัตราขายเฉลี่ยใน 30 วัน ที่ผ่านมา | L10: =IFERROR(__xludf.DUMMYFUNCTION("""COMPUTED_VALUE"""),"อัตราขายเฉลี่ยต่อวัน") -> อัตราขายเฉลี่ยต่อวัน | M10: =IFERROR(__xludf.DUMMYFUNCTION("""COMPUTED_VALUE"""),"จำนวนเดือนที่คาดว่าจะขายสินค้าหมด (MOS)") -> จำนวนเดือนที่คาดว่าจะขายสินค้าหมด (MOS) | N10: =IFERROR(__xludf.DUMMYFUNCTION("""COMPUTED_VALUE"""),"ยอดขายรวมของปีนี้") -> ยอดขายรวมของปีนี้
B11: =IFERROR(__xludf.DUMMYFUNCTION("""COMPUTED_VALUE"""),"510 ขาวธรรมชาติ") -> 510 ขาวธรรมชาติ | C11: =IFERROR(__xludf.DUMMYFUNCTION("""COMPUTED_VALUE"""),885.0) -> 885 | D11: =IFERROR(__xludf.DUMMYFUNCTION("""COMPUTED_VALUE"""),"รุ่นสีอ่อน") -> รุ่นสีอ่อน | E11: =IFERROR(__xludf.DUMMYFUNCTION("""COMPUTED_VALUE"""),"OK") -> OK | F11: =IFERROR(__xludf.DUMMYFUNCTION("""COMPUTED_VALUE"""),84.39779005524862) -> 84.39779 | G11: =IFERROR(__xludf.DUMMYFUNCTION("""COMPUTED_VALUE"""),74692.04419889503) -> 74692.044 | H11: =IFERROR(__xludf.DUMMYFUNCTION("""COMPUTED_VALUE"""),45430.0) -> 45430 | I11: =IFERROR(__xludf.DUMMYFUNCTION("""COMPUTED_VALUE"""),692.0) -> 692 | J11: =IFERROR(__xludf.DUMMYFUNCTION("""COMPUTED_VALUE"""),"Deadstock") -> Deadstock | K11: =IFERROR(__xludf.DUMMYFUNCTION("""COMPUTED_VALUE"""),0.0) -> 0 | L11: =IFERROR(__xludf.DUMMYFUNCTION("""COMPUTED_VALUE"""),0.0) -> 0 | M11: =IFERROR(__xludf.DUMMYFUNCTION("""COMPUTED_VALUE"""),"#DIV/0!") -> #DIV/0! | N11: =IFERROR(__xludf.DUMMYFUNCTION("""COMPUTED_VALUE"""),0.0) -> 0
B12: =IFERROR(__xludf.DUMMYFUNCTION("""COMPUTED_VALUE"""),"861 ฟ้าอ่อน") -> 861 ฟ้าอ่อน | C12: =IFERROR(__xludf.DUMMYFUNCTION("""COMPUTED_VALUE"""),114.0) -> 114 | D12: =IFERROR(__xludf.DUMMYFUNCTION("""COMPUTED_VALUE"""),"รุ่นสีอ่อน") -> รุ่นสีอ่อน | E12: =IFERROR(__xludf.DUMMYFUNCTION("""COMPUTED_VALUE"""),"OK") -> OK | F12: =IFERROR(__xludf.DUMMYFUNCTION("""COMPUTED_VALUE"""),90.0) -> 90 | G12: =IFERROR(__xludf.DUMMYFUNCTION("""COMPUTED_VALUE"""),10260.0) -> 10260 | J12: =IFERROR(__xludf.DUMMYFUNCTION("""COMPUTED_VALUE"""),"-") -> - | K12: =IFERROR(__xludf.DUMMYFUNCTION("""COMPUTED_VALUE"""),0.0) -> 0 | L12: =IFERROR(__xludf.DUMMYFUNCTION("""COMPUTED_VALUE"""),0.0) -> 0 | M12: =IFERROR(__xludf.DUMMYFUNCTION("""COMPUTED_VALUE"""),"#DIV/0!") -> #DIV/0! | N12: =IFERROR(__xludf.DUMMYFUNCTION("""COMPUTED_VALUE"""),0.0) -> 0
B13: =IFERROR(__xludf.DUMMYFUNCTION("""COMPUTED_VALUE"""),"831 สีโอรส") -> 831 สีโอรส | C13: =IFERROR(__xludf.DUMMYFUNCTION("""COMPUTED_VALUE"""),105.0) -> 105 | D13: =IFERROR(__xludf.DUMMYFUNCTION("""COMPUTED_VALUE"""),"รุ่นสีอ่อน") -> รุ่นสีอ่อน | E13: =IFERROR(__xludf.DUMMYFUNCTION("""COMPUTED_VALUE"""),"OK") -> OK | F13: =IFERROR(__xludf.DUMMYFUNCTION("""COMPUTED_VALUE"""),80.0) -> 80 | G13: =IFERROR(__xludf.DUMMYFUNCTION("""COMPUTED_VALUE"""),8400.0) -> 8400 | H13: =IFERROR(__xludf.DUMMYFUNCTION("""COMPUTED_VALUE"""),45437.0) -> 45437 | I13: =IFERROR(__xludf.DUMMYFUNCTION("""COMPUTED_VALUE"""),685.0) -> 685 | J13: =IFERROR(__xludf.DUMMYFUNCTION("""COMPUTED_VALUE"""),"Deadstock") -> Deadstock | K13: =IFERROR(__xludf.DUMMYFUNCTION("""COMPUTED_VALUE"""),0.0) -> 0 | L13: =IFERROR(__xludf.DUMMYFUNCTION("""COMPUTED_VALUE"""),0.0) -> 0 | M13: =IFERROR(__xludf.DUMMYFUNCTION("""COMPUTED_VALUE"""),"#DIV/0!") -> #DIV/0! | N13: =IFERROR(__xludf.DUMMYFUNCTION("""COMPUTED_VALUE"""),0.0) -> 0
B14: =IFERROR(__xludf.DUMMYFUNCTION("""COMPUTED_VALUE"""),"552 ชมพูเข้ม") -> 552 ชมพูเข้ม | C14: =IFERROR(__xludf.DUMMYFUNCTION("""COMPUTED_VALUE"""),150.0) -> 150 | D14: =IFERROR(__xludf.DUMMYFUNCTION("""COMPUTED_VALUE"""),"รุ่นสีอ่อน") -> รุ่นสีอ่อน | E14: =IFERROR(__xludf.DUMMYFUNCTION("""COMPUTED_VALUE"""),"OK") -> OK | F14: =IFERROR(__xludf.DUMMYFUNCTION("""COMPUTED_VALUE"""),80.0) -> 80 | G14: =IFERROR(__xludf.DUMMYFUNCTION("""COMPUTED_VALUE"""),12000.0) -> 12000 | H14: =IFERROR(__xludf.DUMMYFUNCTION("""COMPUTED_VALUE"""),45430.0) -> 45430 | I14: =IFERROR(__xludf.DUMMYFUNCTION("""COMPUTED_VALUE"""),692.0) -> 692 | J14: =IFERROR(__xludf.DUMMYFUNCTION("""COMPUTED_VALUE"""),"Deadstock") -> Deadstock | K14: =IFERROR(__xludf.DUMMYFUNCTION("""COMPUTED_VALUE"""),0.0) -> 0 | L14: =IFERROR(__xludf.DUMMYFUNCTION("""COMPUTED_VALUE"""),0.0) -> 0 | M14: =IFERROR(__xludf.DUMMYFUNCTION("""COMPUTED_VALUE"""),"#DIV/0!") -> #DIV/0! | N14: =IFERROR(__xludf.DUMMYFUNCTION("""COMPUTED_VALUE"""),0.0) -> 0
B15: =IFERROR(__xludf.DUMMYFUNCTION("""COMPUTED_VALUE"""),"551 ชมพูอ่อน") -> 551 ชมพูอ่อน | C15: =IFERROR(__xludf.DUMMYFUNCTION("""COMPUTED_VALUE"""),473.0) -> 473 | D15: =IFERROR(__xludf.DUMMYFUNCTION("""COMPUTED_VALUE"""),"รุ่นสีอ่อน") -> รุ่นสีอ่อน | E15: =IFERROR(__xludf.DUMMYFUNCTION("""COMPUTED_VALUE"""),"OK") -> OK | F15: =IFERROR(__xludf.DUMMYFUNCTION("""COMPUTED_VALUE"""),80.0) -> 80 | G15: =IFERROR(__xludf.DUMMYFUNCTION("""COMPUTED_VALUE"""),37840.0) -> 37840 | J15: =IFERROR(__xludf.DUMMYFUNCTION("""COMPUTED_VALUE"""),"-") -> - | K15: =IFERROR(__xludf.DUMMYFUNCTION("""COMPUTED_VALUE"""),0.0) -> 0 | L15: =IFERROR(__xludf.DUMMYFUNCTION("""COMPUTED_VALUE"""),0.0) -> 0 | M15: =IFERROR(__xludf.DUMMYFUNCTION("""COMPUTED_VALUE"""),"#DIV/0!") -> #DIV/0! | N15: =IFERROR(__xludf.DUMMYFUNCTION("""COMPUTED_VALUE"""),0.0) -> 0
B16: =IFERROR(__xludf.DUMMYFUNCTION("""COMPUTED_VALUE"""),"860 ม่วงอ่อน") -> 860 ม่วงอ่อน | C16: =IFERROR(__xludf.DUMMYFUNCTION("""COMPUTED_VALUE"""),188.0) -> 188 | D16: =IFERROR(__xludf.DUMMYFUNCTION("""COMPUTED_VALUE"""),"รุ่นสีอ่อน") -> รุ่นสีอ่อน | E16: =IFERROR(__xludf.DUMMYFUNCTION("""COMPUTED_VALUE"""),"OK") -> OK | F16: =IFERROR(__xludf.DUMMYFUNCTION("""COMPUTED_VALUE"""),80.0) -> 80 | G16: =IFERROR(__xludf.DUMMYFUNCTION("""COMPUTED_VALUE"""),15040.0) -> 15040 | H16: =IFERROR(__xludf.DUMMYFUNCTION("""COMPUTED_VALUE"""),45430.0) -> 45430 | I16: =IFERROR(__xludf.DUMMYFUNCTION("""COMPUTED_VALUE"""),692.0) -> 692 | J16: =IFERROR(__xludf.DUMMYFUNCTION("""COMPUTED_VALUE"""),"Deadstock") -> Deadstock | K16: =IFERROR(__xludf.DUMMYFUNCTION("""COMPUTED_VALUE"""),0.0) -> 0 | L16: =IFERROR(__xludf.DUMMYFUNCTION("""COMPUTED_VALUE"""),0.0) -> 0 | M16: =IFERROR(__xludf.DUMMYFUNCTION("""COMPUTED_VALUE"""),"#DIV/0!") -> #DIV/0! | N16: =IFERROR(__xludf.DUMMYFUNCTION("""COMPUTED_VALUE"""),0.0) -> 0
B17: =IFERROR(__xludf.DUMMYFUNCTION("""COMPUTED_VALUE"""),"591 เทาอ่อน") -> 591 เทาอ่อน | C17: =IFERROR(__xludf.DUMMYFUNCTION("""COMPUTED_VALUE"""),130.0) -> 130 | D17: =IFERROR(__xludf.DUMMYFUNCTION("""COMPUTED_VALUE"""),"รุ่นสีอ่อน") -> รุ่นสีอ่อน | E17: =IFERROR(__xludf.DUMMYFUNCTION("""COMPUTED_VALUE"""),"OK") -> OK | F17: =IFERROR(__xludf.DUMMYFUNCTION("""COMPUTED_VALUE"""),70.0) -> 70 | G17: =IFERROR(__xludf.DUMMYFUNCTION("""COMPUTED_VALUE"""),9100.0) -> 9100 | J17: =IFERROR(__xludf.DUMMYFUNCTION("""COMPUTED_VALUE"""),"-") -> - | K17: =IFERROR(__xludf.DUMMYFUNCTION("""COMPUTED_VALUE"""),0.0) -> 0 | L17: =IFERROR(__xludf.DUMMYFUNCTION("""COMPUTED_VALUE"""),0.0) -> 0 | M17: =IFERROR(__xludf.DUMMYFUNCTION("""COMPUTED_VALUE"""),"#DIV/0!") -> #DIV/0! | N17: =IFERROR(__xludf.DUMMYFUNCTION("""COMPUTED_VALUE"""),0.0) -> 0
B18: =IFERROR(__xludf.DUMMYFUNCTION("""COMPUTED_VALUE"""),"561 ฟ้าเข้ม") -> 561 ฟ้าเข้ม | C18: =IFERROR(__xludf.DUMMYFUNCTION("""COMPUTED_VALUE"""),84.0) -> 84 | D18: =IFERROR(__xludf.DUMMYFUNCTION("""COMPUTED_VALUE"""),"รุ่นสีอ่อน") -> รุ่นสีอ่อน | E18: =IFERROR(__xludf.DUMMYFUNCTION("""COMPUTED_VALUE"""),"OK") -> OK | F18: =IFERROR(__xludf.DUMMYFUNCTION("""COMPUTED_VALUE"""),80.0) -> 80 | G18: =IFERROR(__xludf.DUMMYFUNCTION("""COMPUTED_VALUE"""),6720.0) -> 6720 | H18: =IFERROR(__xludf.DUMMYFUNCTION("""COMPUTED_VALUE"""),45430.0) -> 45430 | I18: =IFERROR(__xludf.DUMMYFUNCTION("""COMPUTED_VALUE"""),692.0) -> 692 | J18: =IFERROR(__xludf.DUMMYFUNCTION("""COMPUTED_VALUE"""),"Deadstock") -> Deadstock | K18: =IFERROR(__xludf.DUMMYFUNCTION("""COMPUTED_VALUE"""),0.0) -> 0 | L18: =IFERROR(__xludf.DUMMYFUNCTION("""COMPUTED_VALUE"""),0.0) -> 0 | M18: =IFERROR(__xludf.DUMMYFUNCTION("""COMPUTED_VALUE"""),"#DIV/0!") -> #DIV/0! | N18: =IFERROR(__xludf.DUMMYFUNCTION("""COMPUTED_VALUE"""),0.0) -> 0
B19: =IFERROR(__xludf.DUMMYFUNCTION("""COMPUTED_VALUE"""),"521 ครีม") -> 521 ครีม | C19: =IFERROR(__xludf.DUMMYFUNCTION("""COMPUTED_VALUE"""),927.0) -> 927 | D19: =IFERROR(__xludf.DUMMYFUNCTION("""COMPUTED_VALUE"""),"รุ่นสีอ่อน") -> รุ่นสีอ่อน | E19: =IFERROR(__xludf.DUMMYFUNCTION("""COMPUTED_VALUE"""),"OK") -> OK | F19: =IFERROR(__xludf.DUMMYFUNCTION("""COMPUTED_VALUE"""),80.0) -> 80 | G19: =IFERROR(__xludf.DUMMYFUNCTION("""COMPUTED_VALUE"""),74160.0) -> 74160 | H19: =IFERROR(__xludf.DUMMYFUNCTION("""COMPUTED_VALUE"""),45430.0) -> 45430 | I19: =IFERROR(__xludf.DUMMYFUNCTION("""COMPUTED_VALUE"""),692.0) -> 692 | J19: =IFERROR(__xludf.DUMMYFUNCTION("""COMPUTED_VALUE"""),"Deadstock") -> Deadstock | K19: =IFERROR(__xludf.DUMMYFUNCTION("""COMPUTED_VALUE"""),0.0) -> 0 | L19: =IFERROR(__xludf.DUMMYFUNCTION("""COMPUTED_VALUE"""),0.0) -> 0 | M19: =IFERROR(__xludf.DUMMYFUNCTION("""COMPUTED_VALUE"""),"#DIV/0!") -> #DIV/0! | N19: =IFERROR(__xludf.DUMMYFUNCTION("""COMPUTED_VALUE"""),0.0) -> 0
B20: =IFERROR(__xludf.DUMMYFUNCTION("""COMPUTED_VALUE"""),"111 เงินเงา") -> 111 เงินเงา | C20: =IFERROR(__xludf.DUMMYFUNCTION("""COMPUTED_VALUE"""),335.0) -> 335 | D20: =IFERROR(__xludf.DUMMYFUNCTION("""COMPUTED_VALUE"""),"รุ่นสีพิเศษ A") -> รุ่นสีพิเศษ A | E20: =IFERROR(__xludf.DUMMYFUNCTION("""COMPUTED_VALUE"""),"OK") -> OK | F20: =IFERROR(__xludf.DUMMYFUNCTION("""COMPUTED_VALUE"""),250.0) -> 250 | G20: =IFERROR(__xludf.DUMMYFUNCTION("""COMPUTED_VALUE"""),83750.0) -> 83750 | J20: =IFERROR(__xludf.DUMMYFUNCTION("""COMPUTED_VALUE"""),"-") -> - | K20: =IFERROR(__xludf.DUMMYFUNCTION("""COMPUTED_VALUE"""),0.0) -> 0 | L20: =IFERROR(__xludf.DUMMYFUNCTION("""COMPUTED_VALUE"""),0.0) -> 0 | M20: =IFERROR(__xludf.DUMMYFUNCTION("""COMPUTED_VALUE"""),"#DIV/0!") -> #DIV/0! | N20: =IFERROR(__xludf.DUMMYFUNCTION("""COMPUTED_VALUE"""),0.0) -> 0
B21: =IFERROR(__xludf.DUMMYFUNCTION("""COMPUTED_VALUE"""),"112 เงินด้าน") -> 112 เงินด้าน | C21: =IFERROR(__xludf.DUMMYFUNCTION("""COMPUTED_VALUE"""),335.0) -> 335 | D21: =IFERROR(__xludf.DUMMYFUNCTION("""COMPUTED_VALUE"""),"รุ่นสีพิเศษ A") -> รุ่นสีพิเศษ A | E21: =IFERROR(__xludf.DUMMYFUNCTION("""COMPUTED_VALUE"""),"OK") -> OK | F21: =IFERROR(__xludf.DUMMYFUNCTION("""COMPUTED_VALUE"""),250.0) -> 250 | G21: =IFERROR(__xludf.DUMMYFUNCTION("""COMPUTED_VALUE"""),83750.0) -> 83750 | J21: =IFERROR(__xludf.DUMMYFUNCTION("""COMPUTED_VALUE"""),"-") -> - | K21: =IFERROR(__xludf.DUMMYFUNCTION("""COMPUTED_VALUE"""),0.0) -> 0 | L21: =IFERROR(__xludf.DUMMYFUNCTION("""COMPUTED_VALUE"""),0.0) -> 0 | M21: =IFERROR(__xludf.DUMMYFUNCTION("""COMPUTED_VALUE"""),"#DIV/0!") -> #DIV/0! | N21: =IFERROR(__xludf.DUMMYFUNCTION("""COMPUTED_VALUE"""),0.0) -> 0
B22: =IFERROR(__xludf.DUMMYFUNCTION("""COMPUTED_VALUE"""),"881 เปลือกไม้") -> 881 เปลือกไม้ | C22: =IFERROR(__xludf.DUMMYFUNCTION("""COMPUTED_VALUE"""),414.0) -> 414 | D22: =IFERROR(__xludf.DUMMYFUNCTION("""COMPUTED_VALUE"""),"รุ่นสีอ่อน") -> รุ่นสีอ่อน | E22: =IFERROR(__xludf.DUMMYFUNCTION("""COMPUTED_VALUE"""),"OK") -> OK | F22: =IFERROR(__xludf.DUMMYFUNCTION("""COMPUTED_VALUE"""),80.0) -> 80 | G22: =IFERROR(__xludf.DUMMYFUNCTION("""COMPUTED_VALUE"""),33120.0) -> 33120 | H22: =IFERROR(__xludf.DUMMYFUNCTION("""COMPUTED_VALUE"""),45430.0) -> 45430 | I22: =IFERROR(__xludf.DUMMYFUNCTION("""COMPUTED_VALUE"""),692.0) -> 692 | J22: =IFERROR(__xludf.DUMMYFUNCTION("""COMPUTED_VALUE"""),"Deadstock") -> Deadstock | K22: =IFERROR(__xludf.DUMMYFUNCTION("""COMPUTED_VALUE"""),0.0) -> 0 | L22: =IFERROR(__xludf.DUMMYFUNCTION("""COMPUTED_VALUE"""),0.0) -> 0 | M22: =IFERROR(__xludf.DUMMYFUNCTION("""COMPUTED_VALUE"""),"#DIV/0!") -> #DIV/0! | N22: =IFERROR(__xludf.DUMMYFUNCTION("""COMPUTED_VALUE"""),0.0) -> 0
B23: =IFERROR(__xludf.DUMMYFUNCTION("""COMPUTED_VALUE"""),"863 ฟ้าพาสเทลเข้ม") -> 863 ฟ้าพาสเทลเข้ม | C23: =IFERROR(__xludf.DUMMYFUNCTION("""COMPUTED_VALUE"""),68.0) -> 68 | D23: =IFERROR(__xludf.DUMMYFUNCTION("""COMPUTED_VALUE"""),"รุ่นสีอ่อน") -> รุ่นสีอ่อน | E23: =IFERROR(__xludf.DUMMYFUNCTION("""COMPUTED_VALUE"""),"ควรเติมทันที") -> ควรเติมทันที | F23: =IFERROR(__xludf.DUMMYFUNCTION("""COMPUTED_VALUE"""),80.0) -> 80 | G23: =IFERROR(__xludf.DUMMYFUNCTION("""COMPUTED_VALUE"""),5440.0) -> 5440 | J23: =IFERROR(__xludf.DUMMYFUNCTION("""COMPUTED_VALUE"""),"-") -> - | K23: =IFERROR(__xludf.DUMMYFUNCTION("""COMPUTED_VALUE"""),0.0) -> 0 | L23: =IFERROR(__xludf.DUMMYFUNCTION("""COMPUTED_VALUE"""),0.0) -> 0 | M23: =IFERROR(__xludf.DUMMYFUNCTION("""COMPUTED_VALUE"""),"#DIV/0!") -> #DIV/0! | N23: =IFERROR(__xludf.DUMMYFUNCTION("""COMPUTED_VALUE"""),0.0) -> 0
B24: =IFERROR(__xludf.DUMMYFUNCTION("""COMPUTED_VALUE"""),"881 เปลือกไม้ รุ่นหยัก") -> 881 เปลือกไม้ รุ่นหยัก | C24: =IFERROR(__xludf.DUMMYFUNCTION("""COMPUTED_VALUE"""),-1.0) -> -1 | D24: =IFERROR(__xludf.DUMMYFUNCTION("""COMPUTED_VALUE"""),"รุ่นหยัก") -> รุ่นหยัก | E24: =IFERROR(__xludf.DUMMYFUNCTION("""COMPUTED_VALUE"""),"สินค้าหมด") -> สินค้าหมด | H24: =IFERROR(__xludf.DUMMYFUNCTION("""COMPUTED_VALUE"""),45411.0) -> 45411 | I24: =IFERROR(__xludf.DUMMYFUNCTION("""COMPUTED_VALUE"""),711.0) -> 711 | J24: =IFERROR(__xludf.DUMMYFUNCTION("""COMPUTED_VALUE"""),"Deadstock") -> Deadstock | K24: =IFERROR(__xludf.DUMMYFUNCTION("""COMPUTED_VALUE"""),0.0) -> 0 | L24: =IFERROR(__xludf.DUMMYFUNCTION("""COMPUTED_VALUE"""),0.0) -> 0 | M24: =IFERROR(__xludf.DUMMYFUNCTION("""COMPUTED_VALUE"""),"#DIV/0!") -> #DIV/0! | N24: =IFERROR(__xludf.DUMMYFUNCTION("""COMPUTED_VALUE"""),0.0) -> 0
B25: =IFERROR(__xludf.DUMMYFUNCTION("""COMPUTED_VALUE"""),"853 ชมพูพาสเทล") -> 853 ชมพูพาสเทล | C25: =IFERROR(__xludf.DUMMYFUNCTION("""COMPUTED_VALUE"""),-11.0) -> -11 | D25: =IFERROR(__xludf.DUMMYFUNCTION("""COMPUTED_VALUE"""),"รุ่นสีอ่อน") -> รุ่นสีอ่อน | E25: =IFERROR(__xludf.DUMMYFUNCTION("""COMPUTED_VALUE"""),"สินค้าหมด") -> สินค้าหมด | H25: =IFERROR(__xludf.DUMMYFUNCTION("""COMPUTED_VALUE"""),45430.0) -> 45430 | I25: =IFERROR(__xludf.DUMMYFUNCTION("""COMPUTED_VALUE"""),692.0) -> 692 | J25: =IFERROR(__xludf.DUMMYFUNCTION("""COMPUTED_VALUE"""),"Deadstock") -> Deadstock | K25: =IFERROR(__xludf.DUMMYFUNCTION("""COMPUTED_VALUE"""),0.0) -> 0 | L25: =IFERROR(__xludf.DUMMYFUNCTION("""COMPUTED_VALUE"""),0.0) -> 0 | M25: =IFERROR(__xludf.DUMMYFUNCTION("""COMPUTED_VALUE"""),"#DIV/0!") -> #DIV/0! | N25: =IFERROR(__xludf.DUMMYFUNCTION("""COMPUTED_VALUE"""),0.0) -> 0
B26: =IFERROR(__xludf.DUMMYFUNCTION("""COMPUTED_VALUE"""),"862 ฟ้า PT อ่อน") -> 862 ฟ้า PT อ่อน | C26: =IFERROR(__xludf.DUMMYFUNCTION("""COMPUTED_VALUE"""),-14.0) -> -14 | D26: =IFERROR(__xludf.DUMMYFUNCTION("""COMPUTED_VALUE"""),"รุ่นสีอ่อน") -> รุ่นสีอ่อน | E26: =IFERROR(__xludf.DUMMYFUNCTION("""COMPUTED_VALUE"""),"สินค้าหมด") -> สินค้าหมด | H26: =IFERROR(__xludf.DUMMYFUNCTION("""COMPUTED_VALUE"""),45430.0) -> 45430 | I26: =IFERROR(__xludf.DUMMYFUNCTION("""COMPUTED_VALUE"""),692.0) -> 692 | J26: =IFERROR(__xludf.DUMMYFUNCTION("""COMPUTED_VALUE"""),"Deadstock") -> Deadstock | K26: =IFERROR(__xludf.DUMMYFUNCTION("""COMPUTED_VALUE"""),0.0) -> 0 | L26: =IFERROR(__xludf.DUMMYFUNCTION("""COMPUTED_VALUE"""),0.0) -> 0 | M26: =IFERROR(__xludf.DUMMYFUNCTION("""COMPUTED_VALUE"""),"#DIV/0!") -> #DIV/0! | N26: =IFERROR(__xludf.DUMMYFUNCTION("""COMPUTED_VALUE"""),0.0) -> 0
B27: =IFERROR(__xludf.DUMMYFUNCTION("""COMPUTED_VALUE"""),"863 ฟ้า PT เข้ม") -> 863 ฟ้า PT เข้ม | C27: =IFERROR(__xludf.DUMMYFUNCTION("""COMPUTED_VALUE"""),0.0) -> 0 | D27: =IFERROR(__xludf.DUMMYFUNCTION("""COMPUTED_VALUE"""),"รุ่นสีอ่อน") -> รุ่นสีอ่อน | E27: =IFERROR(__xludf.DUMMYFUNCTION("""COMPUTED_VALUE"""),"สินค้าหมด") -> สินค้าหมด | J27: =IFERROR(__xludf.DUMMYFUNCTION("""COMPUTED_VALUE"""),"-") -> - | K27: =IFERROR(__xludf.DUMMYFUNCTION("""COMPUTED_VALUE"""),0.0) -> 0 | L27: =IFERROR(__xludf.DUMMYFUNCTION("""COMPUTED_VALUE"""),0.0) -> 0 | M27: =IFERROR(__xludf.DUMMYFUNCTION("""COMPUTED_VALUE"""),"#DIV/0!") -> #DIV/0! | N27: =IFERROR(__xludf.DUMMYFUNCTION("""COMPUTED_VALUE"""),0.0) -> 0
B28: =IFERROR(__xludf.DUMMYFUNCTION("""COMPUTED_VALUE"""),"522 เหลืองอ่อน") -> 522 เหลืองอ่อน | C28: =IFERROR(__xludf.DUMMYFUNCTION("""COMPUTED_VALUE"""),-10.0) -> -10 | D28: =IFERROR(__xludf.DUMMYFUNCTION("""COMPUTED_VALUE"""),"รุ่นสีอ่อน") -> รุ่นสีอ่อน | E28: =IFERROR(__xludf.DUMMYFUNCTION("""COMPUTED_VALUE"""),"สินค้าหมด") -> สินค้าหมด | H28: =IFERROR(__xludf.DUMMYFUNCTION("""COMPUTED_VALUE"""),45430.0) -> 45430 | I28: =IFERROR(__xludf.DUMMYFUNCTION("""COMPUTED_VALUE"""),692.0) -> 692 | J28: =IFERROR(__xludf.DUMMYFUNCTION("""COMPUTED_VALUE"""),"Deadstock") -> Deadstock | K28: =IFERROR(__xludf.DUMMYFUNCTION("""COMPUTED_VALUE"""),0.0) -> 0 | L28: =IFERROR(__xludf.DUMMYFUNCTION("""COMPUTED_VALUE"""),0.0) -> 0 | M28: =IFERROR(__xludf.DUMMYFUNCTION("""COMPUTED_VALUE"""),"#DIV/0!") -> #DIV/0! | N28: =IFERROR(__xludf.DUMMYFUNCTION("""COMPUTED_VALUE"""),0.0) -> 0
B29: =IFERROR(__xludf.DUMMYFUNCTION("""COMPUTED_VALUE"""),"571 เขียวหยก") -> 571 เขียวหยก | C29: =IFERROR(__xludf.DUMMYFUNCTION("""COMPUTED_VALUE"""),-10.0) -> -10 | D29: =IFERROR(__xludf.DUMMYFUNCTION("""COMPUTED_VALUE"""),"รุ่นสีอ่อน") -> รุ่นสีอ่อน | E29: =IFERROR(__xludf.DUMMYFUNCTION("""COMPUTED_VALUE"""),"สินค้าหมด") -> สินค้าหมด | H29: =IFERROR(__xludf.DUMMYFUNCTION("""COMPUTED_VALUE"""),45430.0) -> 45430 | I29: =IFERROR(__xludf.DUMMYFUNCTION("""COMPUTED_VALUE"""),692.0) -> 692 | J29: =IFERROR(__xludf.DUMMYFUNCTION("""COMPUTED_VALUE"""),"Deadstock") -> Deadstock | K29: =IFERROR(__xludf.DUMMYFUNCTION("""COMPUTED_VALUE"""),0.0) -> 0 | L29: =IFERROR(__xludf.DUMMYFUNCTION("""COMPUTED_VALUE"""),0.0) -> 0 | M29: =IFERROR(__xludf.DUMMYFUNCTION("""COMPUTED_VALUE"""),"#DIV/0!") -> #DIV/0! | N29: =IFERROR(__xludf.DUMMYFUNCTION("""COMPUTED_VALUE"""),0.0) -> 0
B30: =IFERROR(__xludf.DUMMYFUNCTION("""COMPUTED_VALUE"""),"882 กาแฟ") -> 882 กาแฟ | C30: =IFERROR(__xludf.DUMMYFUNCTION("""COMPUTED_VALUE"""),-10.0) -> -10 | D30: =IFERROR(__xludf.DUMMYFUNCTION("""COMPUTED_VALUE"""),"รุ่นสีอ่อน") -> รุ่นสีอ่อน | E30: =IFERROR(__xludf.DUMMYFUNCTION("""COMPUTED_VALUE"""),"สินค้าหมด") -> สินค้าหมด | H30: =IFERROR(__xludf.DUMMYFUNCTION("""COMPUTED_VALUE"""),45430.0) -> 45430 | I30: =IFERROR(__xludf.DUMMYFUNCTION("""COMPUTED_VALUE"""),692.0) -> 692 | J30: =IFERROR(__xludf.DUMMYFUNCTION("""COMPUTED_VALUE"""),"Deadstock") -> Deadstock | K30: =IFERROR(__xludf.DUMMYFUNCTION("""COMPUTED_VALUE"""),0.0) -> 0 | L30: =IFERROR(__xludf.DUMMYFUNCTION("""COMPUTED_VALUE"""),0.0) -> 0 | M30: =IFERROR(__xludf.DUMMYFUNCTION("""COMPUTED_VALUE"""),"#DIV/0!") -> #DIV/0! | N30: =IFERROR(__xludf.DUMMYFUNCTION("""COMPUTED_VALUE"""),0.0) -> 0
B31: =IFERROR(__xludf.DUMMYFUNCTION("""COMPUTED_VALUE"""),"511 กรีนรีด") -> 511 กรีนรีด | C31: =IFERROR(__xludf.DUMMYFUNCTION("""COMPUTED_VALUE"""),0.0) -> 0 | D31: =IFERROR(__xludf.DUMMYFUNCTION("""COMPUTED_VALUE"""),"รุ่นสีอ่อน") -> รุ่นสีอ่อน | E31: =IFERROR(__xludf.DUMMYFUNCTION("""COMPUTED_VALUE"""),"สินค้าหมด") -> สินค้าหมด | J31: =IFERROR(__xludf.DUMMYFUNCTION("""COMPUTED_VALUE"""),"-") -> - | K31: =IFERROR(__xludf.DUMMYFUNCTION("""COMPUTED_VALUE"""),0.0) -> 0 | L31: =IFERROR(__xludf.DUMMYFUNCTION("""COMPUTED_VALUE"""),0.0) -> 0 | M31: =IFERROR(__xludf.DUMMYFUNCTION("""COMPUTED_VALUE"""),"#DIV/0!") -> #DIV/0! | N31: =IFERROR(__xludf.DUMMYFUNCTION("""COMPUTED_VALUE"""),0.0) -> 0

Sheet 📊 รายงานสินค้าที่ไม่เคลื่อนไหว
B1: รายงานสินค้าที่ไม่เคลื่อนไหว
B3: เลือกประเภทสินค้า | C3: Slow Moving | F3: =IFERROR(__xludf.DUMMYFUNCTION("QUERY('📊 รายงานสินค้าคงเหลือ'!A:J,""select A,B,C,D,E,H,I,J where J = '""&C3&""'"",1)"),"ชื่อสินค้า") -> ชื่อสินค้า | G3: =IFERROR(__xludf.DUMMYFUNCTION("""COMPUTED_VALUE"""),"จำนวนสินค้าคงเหลือ") -> จำนวนสินค้าคงเหลือ | H3: =IFERROR(__xludf.DUMMYFUNCTION("""COMPUTED_VALUE"""),"จำนวนขั้นต่ำ") -> จำนวนขั้นต่ำ | I3: =IFERROR(__xludf.DUMMYFUNCTION("""COMPUTED_VALUE"""),"กลุ่มสินค้า") -> กลุ่มสินค้า | J3: =IFERROR(__xludf.DUMMYFUNCTION("""COMPUTED_VALUE"""),"สถานะการเติมสินค้า") -> สถานะการเติมสินค้า | K3: =IFERROR(__xludf.DUMMYFUNCTION("""COMPUTED_VALUE"""),"วันที่ขายล่าสุด") -> วันที่ขายล่าสุด | L3: =IFERROR(__xludf.DUMMYFUNCTION("""COMPUTED_VALUE"""),"จำนวนวันที่ไม่เคลื่อนไหว") -> จำนวนวันที่ไม่เคลื่อนไหว | M3: =IFERROR(__xludf.DUMMYFUNCTION("""COMPUTED_VALUE"""),"ประเภทการเคลื่อนไหวสินค้า") -> ประเภทการเคลื่อนไหวสินค้า
B4: หมายเหตุ | C4: ="ไม่เคลื่อนไหวตั้งแต่ "&vlookup(C3,'⚙️ Config'!K2:L6,2,false)&" วัน" -> ไม่เคลื่อนไหวตั้งแต่ ตั้งแต่ 15 ถึง 30 วัน
C14: จำนวนสินค้าในประเภทต่างๆ
C15: Fast Moving | D15: =COUNTIF('📊 รายงานสินค้าคงเหลือ'!J:J,C15) -> 0
C16: Normal Moving | D16: =COUNTIF('📊 รายงานสินค้าคงเหลือ'!J:J,C16) -> 0
C17: Slow Moving | D17: =COUNTIF('📊 รายงานสินค้าคงเหลือ'!J:J,C17) -> 0
C18: Very Slow Moving | D18: =COUNTIF('📊 รายงานสินค้าคงเหลือ'!J:J,C18) -> 0
C19: Deadstock | D19: =COUNTIF('📊 รายงานสินค้าคงเหลือ'!J:J,C19) -> 13

Sheet 📊 Dashboard รายเดือน
B1: ="Dashboard ประจำเดือน "&vlookup(C3,'⚙️ Config'!C:E,2,false)&" ปี "&C4 -> Dashboard ประจำเดือน พฤษภาคม ปี 2024
B3: เลือกเดือน | C3: 5 | E3: ยอดขายรวม | F3: ='ข้อมูล Dashboard รายเดือน'!E1 -> 24450
B4: เลือกปี | C4: 2024
B6: ภาพรวมกำไรขาดทุนประจำเดือน | F6: สรุปรายรับประจำเดือนตามกลุ่มสินค้า

Sheet 📊 Dashboard รายปี
B1: ="Dashboard ประจำปี "&C3 -> Dashboard ประจำปี 2024
B3: เลือกปี | C3: 2024
D11: เดือนที่ | E11: 1 | F11: 2 | G11: 3 | H11: 4 | I11: 5 | J11: 6 | K11: 7 | L11: 8 | M11: 9 | N11: 10 | O11: 11 | P11: 12
D12: เดือน | E12: =VLOOKUP(E11,'⚙️ Config'!$C:$E,3,false) -> ม.ค. | F12: =VLOOKUP(F11,'⚙️ Config'!$C:$E,3,false) -> ก.พ. | G12: =VLOOKUP(G11,'⚙️ Config'!$C:$E,3,false) -> มี.ค. | H12: =VLOOKUP(H11,'⚙️ Config'!$C:$E,3,false) -> เม.ย. | I12: =VLOOKUP(I11,'⚙️ Config'!$C:$E,3,false) -> พ.ค. | J12: =VLOOKUP(J11,'⚙️ Config'!$C:$E,3,false) -> มิ.ย. | K12: =VLOOKUP(K11,'⚙️ Config'!$C:$E,3,false) -> ก.ค. | L12: =VLOOKUP(L11,'⚙️ Config'!$C:$E,3,false) -> ส.ค. | ... P12: =VLOOKUP(P11,'⚙️ Config'!$C:$E,3,false) -> ธ.ค.
D13: เป้าหมาย | E13: =vlookup($C$3&"-"&E11,'เป้าหมายยอดขาย'!$A:$B,2,false) -> 50000 | F13: =vlookup($C$3&"-"&F11,'เป้าหมายยอดขาย'!$A:$B,2,false) -> 50000 | G13: =vlookup($C$3&"-"&G11,'เป้าหมายยอดขาย'!$A:$B,2,false) -> 50000 | H13: =vlookup($C$3&"-"&H11,'เป้าหมายยอดขาย'!$A:$B,2,false) -> 50000 | I13: =vlookup($C$3&"-"&I11,'เป้าหมายยอดขาย'!$A:$B,2,false) -> 50000 | J13: =vlookup($C$3&"-"&J11,'เป้าหมายยอดขาย'!$A:$B,2,false) -> 50000 | K13: =vlookup($C$3&"-"&K11,'เป้าหมายยอดขาย'!$A:$B,2,false) -> 50000 | L13: =vlookup($C$3&"-"&L11,'เป้าหมายยอดขาย'!$A:$B,2,false) -> 50000 | ... P13: =vlookup($C$3&"-"&P11,'เป้าหมายยอดขาย'!$A:$B,2,false) -> 50000
D14: ยอดขาย | E14: =SUMIF('💰 Transaction ขาย'!$J:$J,$C$3&"-"&E11,'💰 Transaction ขาย'!$F:$F) -> 0 | F14: =SUMIF('💰 Transaction ขาย'!$J:$J,$C$3&"-"&F11,'💰 Transaction ขาย'!$F:$F) -> 0 | G14: =SUMIF('💰 Transaction ขาย'!$J:$J,$C$3&"-"&G11,'💰 Transaction ขาย'!$F:$F) -> 0 | H14: =SUMIF('💰 Transaction ขาย'!$J:$J,$C$3&"-"&H11,'💰 Transaction ขาย'!$F:$F) -> 250 | I14: =SUMIF('💰 Transaction ขาย'!$J:$J,$C$3&"-"&I11,'💰 Transaction ขาย'!$F:$F) -> 24450 | J14: =SUMIF('💰 Transaction ขาย'!$J:$J,$C$3&"-"&J11,'💰 Transaction ขาย'!$F:$F) -> 0 | K14: =SUMIF('💰 Transaction ขาย'!$J:$J,$C$3&"-"&K11,'💰 Transaction ขาย'!$F:$F) -> 0 | L14: =SUMIF('💰 Transaction ขาย'!$J:$J,$C$3&"-"&L11,'💰 Transaction ขาย'!$F:$F) -> 0 | ... P14: =SUMIF('💰 Transaction ขาย'!$J:$J,$C$3&"-"&P11,'💰 Transaction ขาย'!$F:$F) -> 0
D15: % | E15: =IFERROR(E14/E13,"-") -> 0 | F15: =IFERROR(F14/F13,"-") -> 0 | G15: =IFERROR(G14/G13,"-") -> 0 | H15: =IFERROR(H14/H13,"-") -> 0.005 | I15: =IFERROR(I14/I13,"-") -> 0.489 | J15: =IFERROR(J14/J13,"-") -> 0 | K15: =IFERROR(K14/K13,"-") -> 0 | L15: =IFERROR(L14/L13,"-") -> 0 | ... P15: =IFERROR(P14/P13,"-") -> 0
D16: ต้นทุนสินค้า | E16: =SUMIF('💰 Transaction ขาย'!$J:$J,$C$3&"-"&E11,'💰 Transaction ขาย'!$G:$G) -> 0 | F16: =SUMIF('💰 Transaction ขาย'!$J:$J,$C$3&"-"&F11,'💰 Transaction ขาย'!$G:$G) -> 0 | G16: =SUMIF('💰 Transaction ขาย'!$J:$J,$C$3&"-"&G11,'💰 Transaction ขาย'!$G:$G) -> 0 | H16: =SUMIF('💰 Transaction ขาย'!$J:$J,$C$3&"-"&H11,'💰 Transaction ขาย'!$G:$G) -> #VALUE! | I16: =SUMIF('💰 Transaction ขาย'!$J:$J,$C$3&"-"&I11,'💰 Transaction ขาย'!$G:$G) -> #VALUE! | J16: =SUMIF('💰 Transaction ขาย'!$J:$J,$C$3&"-"&J11,'💰 Transaction ขาย'!$G:$G) -> 0 | K16: =SUMIF('💰 Transaction ขาย'!$J:$J,$C$3&"-"&K11,'💰 Transaction ขาย'!$G:$G) -> 0 | L16: =SUMIF('💰 Transaction ขาย'!$J:$J,$C$3&"-"&L11,'💰 Transaction ขาย'!$G:$G) -> 0 | ... P16: =SUMIF('💰 Transaction ขาย'!$J:$J,$C$3&"-"&P11,'💰 Transaction ขาย'!$G:$G) -> 0
D17: % ต้นทุนสินค้า | E17: =IFERROR(E16/E14,"-") -> - | F17: =IFERROR(F16/F14,"-") -> - | G17: =IFERROR(G16/G14,"-") -> - | H17: =IFERROR(H16/H14,"-") -> - | I17: =IFERROR(I16/I14,"-") -> - | J17: =IFERROR(J16/J14,"-") -> - | K17: =IFERROR(K16/K14,"-") -> - | L17: =IFERROR(L16/L14,"-") -> - | ... P17: =IFERROR(P16/P14,"-") -> -
D18: กำไรขั้นต้น | E18: =E14-E16 -> 0 | F18: =F14-F16 -> 0 | G18: =G14-G16 -> 0 | H18: =H14-H16 -> #VALUE! | I18: =I14-I16 -> #VALUE! | J18: =J14-J16 -> 0 | K18: =K14-K16 -> 0 | L18: =L14-L16 -> 0 | ... P18: =P14-P16 -> 0
D19: กำไรขั้นต้นสะสม | E19: =E18 -> 0 | F19: =E19+F18 -> 0 | G19: =F19+G18 -> 0 | H19: =G19+H18 -> #VALUE! | I19: =H19+I18 -> #VALUE! | J19: =I19+J18 -> #VALUE! | K19: =J19+K18 -> #VALUE! | L19: =K19+L18 -> #VALUE! | M19: =L19+M18 -> #VALUE! | ... P19: =O19+P18 -> #VALUE!

Sheet 📊 Dashboard สต๊อกสินค้า
B1: ="Dashboard ข้อมูลสต๊อกสินค้า" -> Dashboard ข้อมูลสต๊อกสินค้า
B3: มูลค่าสินค้ารวม | C3: =SUM('📊 รายงานสินค้าคงเหลือ'!G:G) -> 454272.04
B5: มูลค่าสต๊อกแยกตามสินค้า | F5: มูลค่าสต๊อกแยกตามประเภทสินค้า | J5: จำนวนสินค้าในแต่ละสถานะ | M5: สัดส่วนจำนวนสินค้า และ มูลค่าในแต่ละประเภท
B16: มูลค่าสต๊อกสูงสุด 10 อันดับ | F16: มูลค่าสต๊อกแยกตามกลุ่มสินค้า | J16: สถานะสินค้า | M16: ประเภทของสินค้า | N16: จำนวนสินค้า | O16: มูลค่าสินค้า
J17: OK | K17: =COUNTIF('📊 รายงานสินค้าคงเหลือ'!E:E,"OK") -> 12 | M17: Fast Moving | N17: =COUNTIF('📊 รายงานสินค้าคงเหลือ'!J:J,M17) -> 0 | O17: =SUMIF('📊 รายงานสินค้าคงเหลือ'!J:J,M17,'📊 รายงานสินค้าคงเหลือ'!G:G) -> 0
J18: ควรเติมทันที่ | K18: =COUNTIF('📊 รายงานสินค้าคงเหลือ'!E:E,"ควรเติมทันที") -> 1 | M18: Normal Moving | N18: =COUNTIF('📊 รายงานสินค้าคงเหลือ'!J:J,M18) -> 0 | O18: =SUMIF('📊 รายงานสินค้าคงเหลือ'!J:J,M18,'📊 รายงานสินค้าคงเหลือ'!G:G) -> 0
J19: สินค้าหมด | K19: =COUNTIF('📊 รายงานสินค้าคงเหลือ'!E:E,"สินค้าหมด") -> 8 | M19: Slow Moving | N19: =COUNTIF('📊 รายงานสินค้าคงเหลือ'!J:J,M19) -> 0 | O19: =SUMIF('📊 รายงานสินค้าคงเหลือ'!J:J,M19,'📊 รายงานสินค้าคงเหลือ'!G:G) -> 0
J20: จำนวนสินค้าทั้งหมด | K20: =SUM(K17:K19) -> 21 | M20: Very Slow Moving | N20: =COUNTIF('📊 รายงานสินค้าคงเหลือ'!J:J,M20) -> 0 | O20: =SUMIF('📊 รายงานสินค้าคงเหลือ'!J:J,M20,'📊 รายงานสินค้าคงเหลือ'!G:G) -> 0
M21: Deadstock | N21: =COUNTIF('📊 รายงานสินค้าคงเหลือ'!J:J,M21) -> 13 | O21: =SUMIF('📊 รายงานสินค้าคงเหลือ'!J:J,M21,'📊 รายงานสินค้าคงเหลือ'!G:G) -> 224132.04

Sheet 📊 รายงานขาย-วัน
A1: ="รายงานขายรายวัน ประจำเดือน "&VLOOKUP(MONTH(A3),'⚙️ Config'!C:D,2,false) -> รายงานขายรายวัน ประจำเดือน เมษายน
A2: วันที่ | B2: ยอดขาย | C2: ยอดขายรวม | D2: Sparkline
A3: =eomonth(today(),-1)+1 -> 46113 | B3: =IF(A3<>"",SUMIFS('💰 Transaction ขาย'!$F:$F,'💰 Transaction ขาย'!$A:$A,$A3),) -> 0 | C3: =B3 -> 0 | D3: =IFERROR(__xludf.DUMMYFUNCTION("SPARKLINE(B3,{""charttype"",""bar"";""max"",MAX($B$3:$B33)})"),"")
A4: =IF(MONTH(A3+1)=MONTH($A$3),A3+1,"") -> 46114 | B4: =IF(A4<>"",SUMIFS('💰 Transaction ขาย'!$F:$F,'💰 Transaction ขาย'!$A:$A,$A4),) -> 0 | C4: =B4+C3 -> 0 | D4: =IFERROR(__xludf.DUMMYFUNCTION("SPARKLINE(B4,{""charttype"",""bar"";""max"",MAX($B$3:$B33)})"),"")
A5: =IF(MONTH(A4+1)=MONTH($A$3),A4+1,"") -> 46115 | B5: =IF(A5<>"",SUMIFS('💰 Transaction ขาย'!$F:$F,'💰 Transaction ขาย'!$A:$A,$A5),) -> 0 | C5: =B5+C4 -> 0 | D5: =IFERROR(__xludf.DUMMYFUNCTION("SPARKLINE(B5,{""charttype"",""bar"";""max"",MAX($B$3:$B33)})"),"")
A6: =IF(MONTH(A5+1)=MONTH($A$3),A5+1,"") -> 46116 | B6: =IF(A6<>"",SUMIFS('💰 Transaction ขาย'!$F:$F,'💰 Transaction ขาย'!$A:$A,$A6),) -> 0 | C6: =B6+C5 -> 0 | D6: =IFERROR(__xludf.DUMMYFUNCTION("SPARKLINE(B6,{""charttype"",""bar"";""max"",MAX($B$3:$B33)})"),"")
A7: =IF(MONTH(A6+1)=MONTH($A$3),A6+1,"") -> 46117 | B7: =IF(A7<>"",SUMIFS('💰 Transaction ขาย'!$F:$F,'💰 Transaction ขาย'!$A:$A,$A7),) -> 0 | C7: =B7+C6 -> 0 | D7: =IFERROR(__xludf.DUMMYFUNCTION("SPARKLINE(B7,{""charttype"",""bar"";""max"",MAX($B$3:$B33)})"),"")
A8: =IF(MONTH(A7+1)=MONTH($A$3),A7+1,"") -> 46118 | B8: =IF(A8<>"",SUMIFS('💰 Transaction ขาย'!$F:$F,'💰 Transaction ขาย'!$A:$A,$A8),) -> 0 | C8: =B8+C7 -> 0 | D8: =IFERROR(__xludf.DUMMYFUNCTION("SPARKLINE(B8,{""charttype"",""bar"";""max"",MAX($B$3:$B33)})"),"")
A9: =IF(MONTH(A8+1)=MONTH($A$3),A8+1,"") -> 46119 | B9: =IF(A9<>"",SUMIFS('💰 Transaction ขาย'!$F:$F,'💰 Transaction ขาย'!$A:$A,$A9),) -> 0 | C9: =B9+C8 -> 0 | D9: =IFERROR(__xludf.DUMMYFUNCTION("SPARKLINE(B9,{""charttype"",""bar"";""max"",MAX($B$3:$B33)})"),"")
A10: =IF(MONTH(A9+1)=MONTH($A$3),A9+1,"") -> 46120 | B10: =IF(A10<>"",SUMIFS('💰 Transaction ขาย'!$F:$F,'💰 Transaction ขาย'!$A:$A,$A10),) -> 0 | C10: =B10+C9 -> 0 | D10: =IFERROR(__xludf.DUMMYFUNCTION("SPARKLINE(B10,{""charttype"",""bar"";""max"",MAX($B$3:$B33)})"),"")
A11: =IF(MONTH(A10+1)=MONTH($A$3),A10+1,"") -> 46121 | B11: =IF(A11<>"",SUMIFS('💰 Transaction ขาย'!$F:$F,'💰 Transaction ขาย'!$A:$A,$A11),) -> 0 | C11: =B11+C10 -> 0 | D11: =IFERROR(__xludf.DUMMYFUNCTION("SPARKLINE(B11,{""charttype"",""bar"";""max"",MAX($B$3:$B33)})"),"")
A12: =IF(MONTH(A11+1)=MONTH($A$3),A11+1,"") -> 46122 | B12: =IF(A12<>"",SUMIFS('💰 Transaction ขาย'!$F:$F,'💰 Transaction ขาย'!$A:$A,$A12),) -> 0 | C12: =B12+C11 -> 0 | D12: =IFERROR(__xludf.DUMMYFUNCTION("SPARKLINE(B12,{""charttype"",""bar"";""max"",MAX($B$3:$B33)})"),"")
A13: =IF(MONTH(A12+1)=MONTH($A$3),A12+1,"") -> 46123 | B13: =IF(A13<>"",SUMIFS('💰 Transaction ขาย'!$F:$F,'💰 Transaction ขาย'!$A:$A,$A13),) -> 0 | C13: =B13+C12 -> 0 | D13: =IFERROR(__xludf.DUMMYFUNCTION("SPARKLINE(B13,{""charttype"",""bar"";""max"",MAX($B$3:$B33)})"),"")
A14: =IF(MONTH(A13+1)=MONTH($A$3),A13+1,"") -> 46124 | B14: =IF(A14<>"",SUMIFS('💰 Transaction ขาย'!$F:$F,'💰 Transaction ขาย'!$A:$A,$A14),) -> 0 | C14: =B14+C13 -> 0 | D14: =IFERROR(__xludf.DUMMYFUNCTION("SPARKLINE(B14,{""charttype"",""bar"";""max"",MAX($B$3:$B33)})"),"")
A15: =IF(MONTH(A14+1)=MONTH($A$3),A14+1,"") -> 46125 | B15: =IF(A15<>"",SUMIFS('💰 Transaction ขาย'!$F:$F,'💰 Transaction ขาย'!$A:$A,$A15),) -> 0 | C15: =B15+C14 -> 0 | D15: =IFERROR(__xludf.DUMMYFUNCTION("SPARKLINE(B15,{""charttype"",""bar"";""max"",MAX($B$3:$B33)})"),"")
A16: =IF(MONTH(A15+1)=MONTH($A$3),A15+1,"") -> 46126 | B16: =IF(A16<>"",SUMIFS('💰 Transaction ขาย'!$F:$F,'💰 Transaction ขาย'!$A:$A,$A16),) -> 0 | C16: =B16+C15 -> 0 | D16: =IFERROR(__xludf.DUMMYFUNCTION("SPARKLINE(B16,{""charttype"",""bar"";""max"",MAX($B$3:$B33)})"),"")
A17: =IF(MONTH(A16+1)=MONTH($A$3),A16+1,"") -> 46127 | B17: =IF(A17<>"",SUMIFS('💰 Transaction ขาย'!$F:$F,'💰 Transaction ขาย'!$A:$A,$A17),) -> 0 | C17: =B17+C16 -> 0 | D17: =IFERROR(__xludf.DUMMYFUNCTION("SPARKLINE(B17,{""charttype"",""bar"";""max"",MAX($B$3:$B33)})"),"")
A18: =IF(MONTH(A17+1)=MONTH($A$3),A17+1,"") -> 46128 | B18: =IF(A18<>"",SUMIFS('💰 Transaction ขาย'!$F:$F,'💰 Transaction ขาย'!$A:$A,$A18),) -> 0 | C18: =B18+C17 -> 0 | D18: =IFERROR(__xludf.DUMMYFUNCTION("SPARKLINE(B18,{""charttype"",""bar"";""max"",MAX($B$3:$B33)})"),"")
A19: =IF(MONTH(A18+1)=MONTH($A$3),A18+1,"") -> 46129 | B19: =IF(A19<>"",SUMIFS('💰 Transaction ขาย'!$F:$F,'💰 Transaction ขาย'!$A:$A,$A19),) -> 0 | C19: =B19+C18 -> 0 | D19: =IFERROR(__xludf.DUMMYFUNCTION("SPARKLINE(B19,{""charttype"",""bar"";""max"",MAX($B$3:$B33)})"),"")
A20: =IF(MONTH(A19+1)=MONTH($A$3),A19+1,"") -> 46130 | B20: =IF(A20<>"",SUMIFS('💰 Transaction ขาย'!$F:$F,'💰 Transaction ขาย'!$A:$A,$A20),) -> 0 | C20: =B20+C19 -> 0 | D20: =IFERROR(__xludf.DUMMYFUNCTION("SPARKLINE(B20,{""charttype"",""bar"";""max"",MAX($B$3:$B33)})"),"")
A21: =IF(MONTH(A20+1)=MONTH($A$3),A20+1,"") -> 46131 | B21: =IF(A21<>"",SUMIFS('💰 Transaction ขาย'!$F:$F,'💰 Transaction ขาย'!$A:$A,$A21),) -> 0 | C21: =B21+C20 -> 0 | D21: =IFERROR(__xludf.DUMMYFUNCTION("SPARKLINE(B21,{""charttype"",""bar"";""max"",MAX($B$3:$B33)})"),"")
A22: =IF(MONTH(A21+1)=MONTH($A$3),A21+1,"") -> 46132 | B22: =IF(A22<>"",SUMIFS('💰 Transaction ขาย'!$F:$F,'💰 Transaction ขาย'!$A:$A,$A22),) -> 0 | C22: =B22+C21 -> 0 | D22: =IFERROR(__xludf.DUMMYFUNCTION("SPARKLINE(B22,{""charttype"",""bar"";""max"",MAX($B$3:$B33)})"),"")
A23: =IF(MONTH(A22+1)=MONTH($A$3),A22+1,"") -> 46133 | B23: =IF(A23<>"",SUMIFS('💰 Transaction ขาย'!$F:$F,'💰 Transaction ขาย'!$A:$A,$A23),) -> 0 | C23: =B23+C22 -> 0 | D23: =IFERROR(__xludf.DUMMYFUNCTION("SPARKLINE(B23,{""charttype"",""bar"";""max"",MAX($B$3:$B33)})"),"")
A24: =IF(MONTH(A23+1)=MONTH($A$3),A23+1,"") -> 46134 | B24: =IF(A24<>"",SUMIFS('💰 Transaction ขาย'!$F:$F,'💰 Transaction ขาย'!$A:$A,$A24),) -> 0 | C24: =B24+C23 -> 0 | D24: =IFERROR(__xludf.DUMMYFUNCTION("SPARKLINE(B24,{""charttype"",""bar"";""max"",MAX($B$3:$B33)})"),"")
A25: =IF(MONTH(A24+1)=MONTH($A$3),A24+1,"") -> 46135 | B25: =IF(A25<>"",SUMIFS('💰 Transaction ขาย'!$F:$F,'💰 Transaction ขาย'!$A:$A,$A25),) -> 0 | C25: =B25+C24 -> 0 | D25: =IFERROR(__xludf.DUMMYFUNCTION("SPARKLINE(B25,{""charttype"",""bar"";""max"",MAX($B$3:$B33)})"),"")
A26: =IF(MONTH(A25+1)=MONTH($A$3),A25+1,"") -> 46136 | B26: =IF(A26<>"",SUMIFS('💰 Transaction ขาย'!$F:$F,'💰 Transaction ขาย'!$A:$A,$A26),) -> 0 | C26: =B26+C25 -> 0 | D26: =IFERROR(__xludf.DUMMYFUNCTION("SPARKLINE(B26,{""charttype"",""bar"";""max"",MAX($B$3:$B33)})"),"")
A27: =IF(MONTH(A26+1)=MONTH($A$3),A26+1,"") -> 46137 | B27: =IF(A27<>"",SUMIFS('💰 Transaction ขาย'!$F:$F,'💰 Transaction ขาย'!$A:$A,$A27),) -> 0 | C27: =B27+C26 -> 0 | D27: =IFERROR(__xludf.DUMMYFUNCTION("SPARKLINE(B27,{""charttype"",""bar"";""max"",MAX($B$3:$B33)})"),"")
A28: =IF(MONTH(A27+1)=MONTH($A$3),A27+1,"") -> 46138 | B28: =IF(A28<>"",SUMIFS('💰 Transaction ขาย'!$F:$F,'💰 Transaction ขาย'!$A:$A,$A28),) -> 0 | C28: =B28+C27 -> 0 | D28: =IFERROR(__xludf.DUMMYFUNCTION("SPARKLINE(B28,{""charttype"",""bar"";""max"",MAX($B$3:$B33)})"),"")
A29: =IF(MONTH(A28+1)=MONTH($A$3),A28+1,"") -> 46139 | B29: =IF(A29<>"",SUMIFS('💰 Transaction ขาย'!$F:$F,'💰 Transaction ขาย'!$A:$A,$A29),) -> 0 | C29: =B29+C28 -> 0 | D29: =IFERROR(__xludf.DUMMYFUNCTION("SPARKLINE(B29,{""charttype"",""bar"";""max"",MAX($B$3:$B33)})"),"")
A30: =IF(MONTH(A29+1)=MONTH($A$3),A29+1,"") -> 46140 | B30: =IF(A30<>"",SUMIFS('💰 Transaction ขาย'!$F:$F,'💰 Transaction ขาย'!$A:$A,$A30),) -> 0 | C30: =B30+C29 -> 0 | D30: =IFERROR(__xludf.DUMMYFUNCTION("SPARKLINE(B30,{""charttype"",""bar"";""max"",MAX($B$3:$B33)})"),"")
A31: =IF(MONTH(A30+1)=MONTH($A$3),A30+1,"") -> 46141 | B31: =IF(A31<>"",SUMIFS('💰 Transaction ขาย'!$F:$F,'💰 Transaction ขาย'!$A:$A,$A31),) -> 0 | C31: =B31+C30 -> 0 | D31: =IFERROR(__xludf.DUMMYFUNCTION("SPARKLINE(B31,{""charttype"",""bar"";""max"",MAX($B$3:$B33)})"),"")
A32: =IF(MONTH(A31+1)=MONTH($A$3),A31+1,"") -> 46142 | B32: =IF(A32<>"",SUMIFS('💰 Transaction ขาย'!$F:$F,'💰 Transaction ขาย'!$A:$A,$A32),) -> 0 | C32: =IF(A32>"",B32+C31,) | D32: =IFERROR(__xludf.DUMMYFUNCTION("IF(A32<>"""",SPARKLINE(B32,{""charttype"",""bar"";""max"",MAX($B$3:$B33)}),)"),"")
A33: =IF(MONTH(A32+1)=MONTH($A$3),A32+1,"") | B33: =IF(A33<>"",SUMIFS('💰 Transaction ขาย'!$F:$F,'💰 Transaction ขาย'!$A:$A,$A33),) | C33: =IF(A33>"",B33+C32,) | D33: =IFERROR(__xludf.DUMMYFUNCTION("IF(A33<>"""",SPARKLINE(B33,{""charttype"",""bar"";""max"",MAX($B$3:$B33)}),)"),"")

Sheet ข้อมูล Inventory Dashboard
A1: ='📊 Inventory Dashboard'!E3 -> 2024 | C1: Total SKU | D1: =COUNTIFS('📦 ชื่อสินค้า'!G2:G1501,"Active") -> 14 | F1: Inventory Value Overtime | P1: Inventory Turn-over | S1: Inventory to Sales Ratio (Current Month) | V1: Inventory to Sales Ratio (Current Year) | Y1: Inventory Movement | AB1: Top 10 Current Inventory Value | AH1: Top 10 Sale Product of the year
A2: ='📊 Inventory Dashboard'!E4 -> 1 | C2: มูลค่าสต๊อกรวม | D2: =SUM('📊 รายงานสินค้าคงเหลือ'!G:G) -> 454272.04 | F2: Year | G2: Month | H2: Year-Month | I2: มูลค่าสต๊อก | J2: เปลี่ยนแปลง | K2: Total Purchase | L2: Total COGS Sale | M2: ยอดขายรวม | N2: Inventory/Sale Ratio
C3: ยอดขายรวมทั้งปี | D3: =SUM(M3:M14) -> 24700 | F3: =$A$1 -> 2024 | G3: 1 | H3: =F3&"-"&G3 -> 2024-1 | I3: =SUMIFS('💸 Transaction ซื้อ'!G:G,'💸 Transaction ซื้อ'!A:A,"<="&DATE($A$1-1,12,31))-SUMIFS('💰 Transaction ขาย'!G:G,'💰 Transaction ขาย'!A:A,"<="&DATE($A$1-1,12,31)) -> 0 | J3: =K3-L3 -> 0 | K3: =SUMIF('💸 Transaction ซื้อ'!H:H,H3,'💸 Transaction ซื้อ'!G:G) -> 0 | L3: =SUMIF('💰 Transaction ขาย'!J:J,H3,'💰 Transaction ขาย'!G:G) -> 0 | M3: =SUMIF('💰 Transaction ขาย'!J:J,H3,'💰 Transaction ขาย'!F:F) -> 0 | N3: =IFERROR(I3/M3,) | P3: Total COGS Sold this period | Q3: =SUMIFS('💰 Transaction ขาย'!G:G,'💰 Transaction ขาย'!J:J,A1&"-"&A2) -> 0 | S3: Total Inventory Value | T3: =vlookup(A2,G:I,3,false) -> 0 | V3: Average Inventory Value | W3: =Q8 -> #VALUE! | Y3: Purchase | Z3: =SUM(K3:K14) -> 463000 | AB3: =IFERROR(__xludf.DUMMYFUNCTION("QUERY('📊 รายงานสินค้าคงเหลือ'!A:M,""select A,B,G,E,J where E != 'InActive' order by G desc limit 10"",1)"),"ชื่อสินค้า") -> ชื่อสินค้า | AC3: =IFERROR(__xludf.DUMMYFUNCTION("""COMPUTED_VALUE"""),"จำนวนสินค้าคงเหลือ") -> จำนวนสินค้าคงเหลือ | AD3: =IFERROR(__xludf.DUMMYFUNCTION("""COMPUTED_VALUE"""),"ต้นทุนรวมปัจจุบัน") -> ต้นทุนรวมปัจจุบัน | AE3: =IFERROR(__xludf.DUMMYFUNCTION("""COMPUTED_VALUE"""),"สถานะการเติมสินค้า") -> สถานะการเติมสินค้า | AF3: =IFERROR(__xludf.DUMMYFUNCTION("""COMPUTED_VALUE"""),"ประเภทการเคลื่อนไหวสินค้า") -> ประเภทการเคลื่อนไหวสินค้า | AH3: =IFERROR(__xludf.DUMMYFUNCTION("QUERY('📊 รายงานสินค้าคงเหลือ'!A:N,""select A,N,E,J order by N desc limit 10"",1)"),"ชื่อสินค้า") -> ชื่อสินค้า | AI3: =IFERROR(__xludf.DUMMYFUNCTION("""COMPUTED_VALUE"""),"ยอดขายรวมของปีนี้") -> ยอดขายรวมของปีนี้ | AJ3: =IFERROR(__xludf.DUMMYFUNCTION("""COMPUTED_VALUE"""),"สถานะการเติมสินค้า") -> สถานะการเติมสินค้า | AK3: =IFERROR(__xludf.DUMMYFUNCTION("""COMPUTED_VALUE"""),"ประเภทการเคลื่อนไหวสินค้า") -> ประเภทการเคลื่อนไหวสินค้า
C4: มูลค่าสต๊อก/ยอดขาย | D4: =D2/D3 -> 18.391581 | F4: =$A$1 -> 2024 | G4: 2 | H4: =F4&"-"&G4 -> 2024-2 | I4: =I3+J3 -> 0 | J4: =K4-L4 -> 0 | K4: =SUMIF('💸 Transaction ซื้อ'!H:H,H4,'💸 Transaction ซื้อ'!G:G) -> 0 | L4: =SUMIF('💰 Transaction ขาย'!J:J,H4,'💰 Transaction ขาย'!G:G) -> 0 | M4: =SUMIF('💰 Transaction ขาย'!J:J,H4,'💰 Transaction ขาย'!F:F) -> 0 | N4: =IFERROR(I4/M4,) | P4: Current Selected Period | Q4: =DATE(A1,12,31) -> 45657 | S4: Total Sales | T4: =vlookup(A2,G:M,7,false) -> 0 | V4: Total Sale | W4: =SUM(M3:M14) -> 24700 | Y4: COGS Sale | Z4: =SUM(L3:L14)*-1 -> #VALUE! | AB4: =IFERROR(__xludf.DUMMYFUNCTION("""COMPUTED_VALUE"""),"111 เงินเงา") -> 111 เงินเงา | AC4: =IFERROR(__xludf.DUMMYFUNCTION("""COMPUTED_VALUE"""),335.0) -> 335 | AD4: =IFERROR(__xludf.DUMMYFUNCTION("""COMPUTED_VALUE"""),83750.0) -> 83750 | AE4: =IFERROR(__xludf.DUMMYFUNCTION("""COMPUTED_VALUE"""),"OK") -> OK | AF4: =IFERROR(__xludf.DUMMYFUNCTION("""COMPUTED_VALUE"""),"-") -> - | AH4: =IFERROR(__xludf.DUMMYFUNCTION("""COMPUTED_VALUE"""),"510 ขาวธรรมชาติ") -> 510 ขาวธรรมชาติ | AI4: =IFERROR(__xludf.DUMMYFUNCTION("""COMPUTED_VALUE"""),0.0) -> 0 | AJ4: =IFERROR(__xludf.DUMMYFUNCTION("""COMPUTED_VALUE"""),"OK") -> OK | AK4: =IFERROR(__xludf.DUMMYFUNCTION("""COMPUTED_VALUE"""),"Deadstock") -> Deadstock
C5: มูลค่าสต๊อกเฉลี่ยทั้งปี จนถึงปัจจุบัน | D5: =AVERAGEIF(G3:G14,"<="&A2,I3:I14) -> 0 | F5: =$A$1 -> 2024 | G5: 3 | H5: =F5&"-"&G5 -> 2024-3 | I5: =I4+J4 -> 0 | J5: =K5-L5 -> 240680 | K5: =SUMIF('💸 Transaction ซื้อ'!H:H,H5,'💸 Transaction ซื้อ'!G:G) -> 240680 | L5: =SUMIF('💰 Transaction ขาย'!J:J,H5,'💰 Transaction ขาย'!G:G) -> 0 | M5: =SUMIF('💰 Transaction ขาย'!J:J,H5,'💰 Transaction ขาย'!F:F) -> 0 | N5: =IFERROR(I5/M5,) | P5: Previous Period | Q5: =DATE(A1-1,12,31) -> 45291 | S5: Ratio | T5: =T3/T4 -> #DIV/0! | V5: Ratio | W5: =W3/W4 -> #VALUE! | Y5: Total | Z5: =Z3+Z4 -> #VALUE! | AB5: =IFERROR(__xludf.DUMMYFUNCTION("""COMPUTED_VALUE"""),"112 เงินด้าน") -> 112 เงินด้าน | AC5: =IFERROR(__xludf.DUMMYFUNCTION("""COMPUTED_VALUE"""),335.0) -> 335 | AD5: =IFERROR(__xludf.DUMMYFUNCTION("""COMPUTED_VALUE"""),83750.0) -> 83750 | AE5: =IFERROR(__xludf.DUMMYFUNCTION("""COMPUTED_VALUE"""),"OK") -> OK | AF5: =IFERROR(__xludf.DUMMYFUNCTION("""COMPUTED_VALUE"""),"-") -> - | AH5: =IFERROR(__xludf.DUMMYFUNCTION("""COMPUTED_VALUE"""),"861 ฟ้าอ่อน") -> 861 ฟ้าอ่อน | AI5: =IFERROR(__xludf.DUMMYFUNCTION("""COMPUTED_VALUE"""),0.0) -> 0 | AJ5: =IFERROR(__xludf.DUMMYFUNCTION("""COMPUTED_VALUE"""),"OK") -> OK | AK5: =IFERROR(__xludf.DUMMYFUNCTION("""COMPUTED_VALUE"""),"-") -> -
F6: =$A$1 -> 2024 | G6: 4 | H6: =F6&"-"&G6 -> 2024-4 | I6: =I5+J5 -> 240680 | J6: =K6-L6 -> #VALUE! | K6: =SUMIF('💸 Transaction ซื้อ'!H:H,H6,'💸 Transaction ซื้อ'!G:G) -> 91900 | L6: =SUMIF('💰 Transaction ขาย'!J:J,H6,'💰 Transaction ขาย'!G:G) -> #VALUE! | M6: =SUMIF('💰 Transaction ขาย'!J:J,H6,'💰 Transaction ขาย'!F:F) -> 250 | N6: =IFERROR(I6/M6,) -> 962.72 | P6: Inventory Value of Current Period | Q6: =SUMIFS('💸 Transaction ซื้อ'!G:G,'💸 Transaction ซื้อ'!A:A,"<="&$Q$4)-SUMIFS('💰 Transaction ขาย'!G:G,'💰 Transaction ขาย'!A:A,"<="&$Q$4) -> #VALUE! | AB6: =IFERROR(__xludf.DUMMYFUNCTION("""COMPUTED_VALUE"""),"510 ขาวธรรมชาติ") -> 510 ขาวธรรมชาติ | AC6: =IFERROR(__xludf.DUMMYFUNCTION("""COMPUTED_VALUE"""),885.0) -> 885 | AD6: =IFERROR(__xludf.DUMMYFUNCTION("""COMPUTED_VALUE"""),74692.04419889503) -> 74692.044 | AE6: =IFERROR(__xludf.DUMMYFUNCTION("""COMPUTED_VALUE"""),"OK") -> OK | AF6: =IFERROR(__xludf.DUMMYFUNCTION("""COMPUTED_VALUE"""),"Deadstock") -> Deadstock | AH6: =IFERROR(__xludf.DUMMYFUNCTION("""COMPUTED_VALUE"""),"831 สีโอรส") -> 831 สีโอรส | AI6: =IFERROR(__xludf.DUMMYFUNCTION("""COMPUTED_VALUE"""),0.0) -> 0 | AJ6: =IFERROR(__xludf.DUMMYFUNCTION("""COMPUTED_VALUE"""),"OK") -> OK | AK6: =IFERROR(__xludf.DUMMYFUNCTION("""COMPUTED_VALUE"""),"Deadstock") -> Deadstock
F7: =$A$1 -> 2024 | G7: 5 | H7: =F7&"-"&G7 -> 2024-5 | I7: =I6+J6 -> #VALUE! | J7: =K7-L7 -> #VALUE! | K7: =SUMIF('💸 Transaction ซื้อ'!H:H,H7,'💸 Transaction ซื้อ'!G:G) -> 50820 | L7: =SUMIF('💰 Transaction ขาย'!J:J,H7,'💰 Transaction ขาย'!G:G) -> #VALUE! | M7: =SUMIF('💰 Transaction ขาย'!J:J,H7,'💰 Transaction ขาย'!F:F) -> 24450 | N7: =IFERROR(I7/M7,) | P7: Inventory Value of Previous Period | Q7: =SUMIFS('💸 Transaction ซื้อ'!G:G,'💸 Transaction ซื้อ'!A:A,"<="&$Q$5)-SUMIFS('💰 Transaction ขาย'!G:G,'💰 Transaction ขาย'!A:A,"<="&$Q$5) -> 0 | AB7: =IFERROR(__xludf.DUMMYFUNCTION("""COMPUTED_VALUE"""),"521 ครีม") -> 521 ครีม | AC7: =IFERROR(__xludf.DUMMYFUNCTION("""COMPUTED_VALUE"""),927.0) -> 927 | AD7: =IFERROR(__xludf.DUMMYFUNCTION("""COMPUTED_VALUE"""),74160.0) -> 74160 | AE7: =IFERROR(__xludf.DUMMYFUNCTION("""COMPUTED_VALUE"""),"OK") -> OK | AF7: =IFERROR(__xludf.DUMMYFUNCTION("""COMPUTED_VALUE"""),"Deadstock") -> Deadstock | AH7: =IFERROR(__xludf.DUMMYFUNCTION("""COMPUTED_VALUE"""),"552 ชมพูเข้ม") -> 552 ชมพูเข้ม | AI7: =IFERROR(__xludf.DUMMYFUNCTION("""COMPUTED_VALUE"""),0.0) -> 0 | AJ7: =IFERROR(__xludf.DUMMYFUNCTION("""COMPUTED_VALUE"""),"OK") -> OK | AK7: =IFERROR(__xludf.DUMMYFUNCTION("""COMPUTED_VALUE"""),"Deadstock") -> Deadstock
F8: =$A$1 -> 2024 | G8: 6 | H8: =F8&"-"&G8 -> 2024-6 | I8: =I7+J7 -> #VALUE! | J8: =K8-L8 -> 79600 | K8: =SUMIF('💸 Transaction ซื้อ'!H:H,H8,'💸 Transaction ซื้อ'!G:G) -> 79600 | L8: =SUMIF('💰 Transaction ขาย'!J:J,H8,'💰 Transaction ขาย'!G:G) -> 0 | M8: =SUMIF('💰 Transaction ขาย'!J:J,H8,'💰 Transaction ขาย'!F:F) -> 0 | N8: =IFERROR(I8/M8,) | P8: Average Inventory Value | Q8: =(Q7+Q6)/2 -> #VALUE! | AB8: =IFERROR(__xludf.DUMMYFUNCTION("""COMPUTED_VALUE"""),"551 ชมพูอ่อน") -> 551 ชมพูอ่อน | AC8: =IFERROR(__xludf.DUMMYFUNCTION("""COMPUTED_VALUE"""),473.0) -> 473 | AD8: =IFERROR(__xludf.DUMMYFUNCTION("""COMPUTED_VALUE"""),37840.0) -> 37840 | AE8: =IFERROR(__xludf.DUMMYFUNCTION("""COMPUTED_VALUE"""),"OK") -> OK | AF8: =IFERROR(__xludf.DUMMYFUNCTION("""COMPUTED_VALUE"""),"-") -> - | AH8: =IFERROR(__xludf.DUMMYFUNCTION("""COMPUTED_VALUE"""),"551 ชมพูอ่อน") -> 551 ชมพูอ่อน | AI8: =IFERROR(__xludf.DUMMYFUNCTION("""COMPUTED_VALUE"""),0.0) -> 0 | AJ8: =IFERROR(__xludf.DUMMYFUNCTION("""COMPUTED_VALUE"""),"OK") -> OK | AK8: =IFERROR(__xludf.DUMMYFUNCTION("""COMPUTED_VALUE"""),"-") -> -
F9: =$A$1 -> 2024 | G9: 7 | H9: =F9&"-"&G9 -> 2024-7 | I9: =I8+J8 -> #VALUE! | J9: =K9-L9 -> 0 | K9: =SUMIF('💸 Transaction ซื้อ'!H:H,H9,'💸 Transaction ซื้อ'!G:G) -> 0 | L9: =SUMIF('💰 Transaction ขาย'!J:J,H9,'💰 Transaction ขาย'!G:G) -> 0 | M9: =SUMIF('💰 Transaction ขาย'!J:J,H9,'💰 Transaction ขาย'!F:F) -> 0 | N9: =IFERROR(I9/M9,) | P9: Inventory Turnover | Q9: =Q3/Q8 -> #VALUE! | AB9: =IFERROR(__xludf.DUMMYFUNCTION("""COMPUTED_VALUE"""),"881 เปลือกไม้") -> 881 เปลือกไม้ | AC9: =IFERROR(__xludf.DUMMYFUNCTION("""COMPUTED_VALUE"""),414.0) -> 414 | AD9: =IFERROR(__xludf.DUMMYFUNCTION("""COMPUTED_VALUE"""),33120.0) -> 33120 | AE9: =IFERROR(__xludf.DUMMYFUNCTION("""COMPUTED_VALUE"""),"OK") -> OK | AF9: =IFERROR(__xludf.DUMMYFUNCTION("""COMPUTED_VALUE"""),"Deadstock") -> Deadstock | AH9: =IFERROR(__xludf.DUMMYFUNCTION("""COMPUTED_VALUE"""),"860 ม่วงอ่อน") -> 860 ม่วงอ่อน | AI9: =IFERROR(__xludf.DUMMYFUNCTION("""COMPUTED_VALUE"""),0.0) -> 0 | AJ9: =IFERROR(__xludf.DUMMYFUNCTION("""COMPUTED_VALUE"""),"OK") -> OK | AK9: =IFERROR(__xludf.DUMMYFUNCTION("""COMPUTED_VALUE"""),"Deadstock") -> Deadstock
F10: =$A$1 -> 2024 | G10: 8 | H10: =F10&"-"&G10 -> 2024-8 | I10: =I9+J9 -> #VALUE! | J10: =K10-L10 -> 0 | K10: =SUMIF('💸 Transaction ซื้อ'!H:H,H10,'💸 Transaction ซื้อ'!G:G) -> 0 | L10: =SUMIF('💰 Transaction ขาย'!J:J,H10,'💰 Transaction ขาย'!G:G) -> 0 | M10: =SUMIF('💰 Transaction ขาย'!J:J,H10,'💰 Transaction ขาย'!F:F) -> 0 | N10: =IFERROR(I10/M10,) | P10: Avg Inventory Days of Supply (Year) | Q10: =365/Q9 -> #VALUE! | AB10: =IFERROR(__xludf.DUMMYFUNCTION("""COMPUTED_VALUE"""),"860 ม่วงอ่อน") -> 860 ม่วงอ่อน | AC10: =IFERROR(__xludf.DUMMYFUNCTION("""COMPUTED_VALUE"""),188.0) -> 188 | AD10: =IFERROR(__xludf.DUMMYFUNCTION("""COMPUTED_VALUE"""),15040.0) -> 15040 | AE10: =IFERROR(__xludf.DUMMYFUNCTION("""COMPUTED_VALUE"""),"OK") -> OK | AF10: =IFERROR(__xludf.DUMMYFUNCTION("""COMPUTED_VALUE"""),"Deadstock") -> Deadstock | AH10: =IFERROR(__xludf.DUMMYFUNCTION("""COMPUTED_VALUE"""),"591 เทาอ่อน") -> 591 เทาอ่อน | AI10: =IFERROR(__xludf.DUMMYFUNCTION("""COMPUTED_VALUE"""),0.0) -> 0 | AJ10: =IFERROR(__xludf.DUMMYFUNCTION("""COMPUTED_VALUE"""),"OK") -> OK | AK10: =IFERROR(__xludf.DUMMYFUNCTION("""COMPUTED_VALUE"""),"-") -> -
F11: =$A$1 -> 2024 | G11: 9 | H11: =F11&"-"&G11 -> 2024-9 | I11: =I10+J10 -> #VALUE! | J11: =K11-L11 -> 0 | K11: =SUMIF('💸 Transaction ซื้อ'!H:H,H11,'💸 Transaction ซื้อ'!G:G) -> 0 | L11: =SUMIF('💰 Transaction ขาย'!J:J,H11,'💰 Transaction ขาย'!G:G) -> 0 | M11: =SUMIF('💰 Transaction ขาย'!J:J,H11,'💰 Transaction ขาย'!F:F) -> 0 | N11: =IFERROR(I11/M11,) | P11: Total Day until selected period | Q11: =DATEDIF(DATE(A1,1,1),EOMONTH(DATE(A1,A2,1),0),"d") -> 30 | AB11: =IFERROR(__xludf.DUMMYFUNCTION("""COMPUTED_VALUE"""),"552 ชมพูเข้ม") -> 552 ชมพูเข้ม | AC11: =IFERROR(__xludf.DUMMYFUNCTION("""COMPUTED_VALUE"""),150.0) -> 150 | AD11: =IFERROR(__xludf.DUMMYFUNCTION("""COMPUTED_VALUE"""),12000.0) -> 12000 | AE11: =IFERROR(__xludf.DUMMYFUNCTION("""COMPUTED_VALUE"""),"OK") -> OK | AF11: =IFERROR(__xludf.DUMMYFUNCTION("""COMPUTED_VALUE"""),"Deadstock") -> Deadstock | AH11: =IFERROR(__xludf.DUMMYFUNCTION("""COMPUTED_VALUE"""),"561 ฟ้าเข้ม") -> 561 ฟ้าเข้ม | AI11: =IFERROR(__xludf.DUMMYFUNCTION("""COMPUTED_VALUE"""),0.0) -> 0 | AJ11: =IFERROR(__xludf.DUMMYFUNCTION("""COMPUTED_VALUE"""),"OK") -> OK | AK11: =IFERROR(__xludf.DUMMYFUNCTION("""COMPUTED_VALUE"""),"Deadstock") -> Deadstock
F12: =$A$1 -> 2024 | G12: 10 | H12: =F12&"-"&G12 -> 2024-10 | I12: =I11+J11 -> #VALUE! | J12: =K12-L12 -> 0 | K12: =SUMIF('💸 Transaction ซื้อ'!H:H,H12,'💸 Transaction ซื้อ'!G:G) -> 0 | L12: =SUMIF('💰 Transaction ขาย'!J:J,H12,'💰 Transaction ขาย'!G:G) -> 0 | M12: =SUMIF('💰 Transaction ขาย'!J:J,H12,'💰 Transaction ขาย'!F:F) -> 0 | N12: =IFERROR(I12/M12,) | P12: Total COGS Sale until selected period | Q12: =SUMIF(G3:G14,"<="&A2,L3:L14) -> 0 | AB12: =IFERROR(__xludf.DUMMYFUNCTION("""COMPUTED_VALUE"""),"861 ฟ้าอ่อน") -> 861 ฟ้าอ่อน | AC12: =IFERROR(__xludf.DUMMYFUNCTION("""COMPUTED_VALUE"""),114.0) -> 114 | AD12: =IFERROR(__xludf.DUMMYFUNCTION("""COMPUTED_VALUE"""),10260.0) -> 10260 | AE12: =IFERROR(__xludf.DUMMYFUNCTION("""COMPUTED_VALUE"""),"OK") -> OK | AF12: =IFERROR(__xludf.DUMMYFUNCTION("""COMPUTED_VALUE"""),"-") -> - | AH12: =IFERROR(__xludf.DUMMYFUNCTION("""COMPUTED_VALUE"""),"521 ครีม") -> 521 ครีม | AI12: =IFERROR(__xludf.DUMMYFUNCTION("""COMPUTED_VALUE"""),0.0) -> 0 | AJ12: =IFERROR(__xludf.DUMMYFUNCTION("""COMPUTED_VALUE"""),"OK") -> OK | AK12: =IFERROR(__xludf.DUMMYFUNCTION("""COMPUTED_VALUE"""),"Deadstock") -> Deadstock
F13: =$A$1 -> 2024 | G13: 11 | H13: =F13&"-"&G13 -> 2024-11 | I13: =I12+J12 -> #VALUE! | J13: =K13-L13 -> 0 | K13: =SUMIF('💸 Transaction ซื้อ'!H:H,H13,'💸 Transaction ซื้อ'!G:G) -> 0 | L13: =SUMIF('💰 Transaction ขาย'!J:J,H13,'💰 Transaction ขาย'!G:G) -> 0 | M13: =SUMIF('💰 Transaction ขาย'!J:J,H13,'💰 Transaction ขาย'!F:F) -> 0 | N13: =IFERROR(I13/M13,) | P13: Avg COGS Sale / Day | Q13: =Q12/Q11 -> 0 | AB13: =IFERROR(__xludf.DUMMYFUNCTION("""COMPUTED_VALUE"""),"591 เทาอ่อน") -> 591 เทาอ่อน | AC13: =IFERROR(__xludf.DUMMYFUNCTION("""COMPUTED_VALUE"""),130.0) -> 130 | AD13: =IFERROR(__xludf.DUMMYFUNCTION("""COMPUTED_VALUE"""),9100.0) -> 9100 | AE13: =IFERROR(__xludf.DUMMYFUNCTION("""COMPUTED_VALUE"""),"OK") -> OK | AF13: =IFERROR(__xludf.DUMMYFUNCTION("""COMPUTED_VALUE"""),"-") -> - | AH13: =IFERROR(__xludf.DUMMYFUNCTION("""COMPUTED_VALUE"""),"111 เงินเงา") -> 111 เงินเงา | AI13: =IFERROR(__xludf.DUMMYFUNCTION("""COMPUTED_VALUE"""),0.0) -> 0 | AJ13: =IFERROR(__xludf.DUMMYFUNCTION("""COMPUTED_VALUE"""),"OK") -> OK | AK13: =IFERROR(__xludf.DUMMYFUNCTION("""COMPUTED_VALUE"""),"-") -> -
F14: =$A$1 -> 2024 | G14: 12 | H14: =F14&"-"&G14 -> 2024-12 | I14: =I13+J13 -> #VALUE! | J14: =K14-L14 -> 0 | K14: =SUMIF('💸 Transaction ซื้อ'!H:H,H14,'💸 Transaction ซื้อ'!G:G) -> 0 | L14: =SUMIF('💰 Transaction ขาย'!J:J,H14,'💰 Transaction ขาย'!G:G) -> 0 | M14: =SUMIF('💰 Transaction ขาย'!J:J,H14,'💰 Transaction ขาย'!F:F) -> 0 | N14: =IFERROR(I14/M14,) | P14: Inventory Days of Supply (Until Select Period) | Q14: =D5/Q13 -> #DIV/0!

Sheet ข้อมูล Product Search Dashboard
A1: จำนวน SKU ที่เลือก | B1: =COUNTA('📊 Product Search'!B11:B1000)&"/"&'ข้อมูล Inventory Dashboard'!D1+COUNTIF('📦 ชื่อสินค้า'!G2:G1000,"InActive") -> 21/14
A2: มูลค่าสต๊อกรวม | B2: =SUM('📊 Product Search'!G11:G1000) -> 454272.04
A3: ยอดขายรวมปีนี้ | B3: =SUM('📊 Product Search'!N11:N1000) -> 0
A4: สต๊อก / ยอดขาย | B4: =B2/B3 -> #DIV/0!

Sheet ข้อมูล Dashboard รายเดือน
A1: ข้อมูลประจำเดือน | B1: ='📊 Dashboard รายเดือน'!C4&"-"&'📊 Dashboard รายเดือน'!C3 -> 2024-5 | D1: ยอดขายประจำเดือน | E1: =SUMIF('💰 Transaction ขาย'!J:J,B1,'💰 Transaction ขาย'!F:F) -> 24450 | H1: เป้าหมายรายเดือน | K1: กลุ่มรายรับ | M1: =IFERROR(__xludf.DUMMYFUNCTION("QUERY('📊 รายงานสินค้าคงเหลือ'!A:G,""select A,B,G order by G desc Limit 10"",1)"),"ชื่อสินค้า") -> ชื่อสินค้า | N1: =IFERROR(__xludf.DUMMYFUNCTION("""COMPUTED_VALUE"""),"จำนวนสินค้าคงเหลือ") -> จำนวนสินค้าคงเหลือ | O1: =IFERROR(__xludf.DUMMYFUNCTION("""COMPUTED_VALUE"""),"ต้นทุนรวมปัจจุบัน") -> ต้นทุนรวมปัจจุบัน | Q1: =IFERROR(__xludf.DUMMYFUNCTION("QUERY('📊 รายงานสินค้าคงเหลือ'!A:G,""select A,B,C,E where E <> 'OK' "",1)"),"ชื่อสินค้า") -> ชื่อสินค้า | R1: =IFERROR(__xludf.DUMMYFUNCTION("""COMPUTED_VALUE"""),"จำนวนสินค้าคงเหลือ") -> จำนวนสินค้าคงเหลือ | S1: =IFERROR(__xludf.DUMMYFUNCTION("""COMPUTED_VALUE"""),"จำนวนขั้นต่ำ") -> จำนวนขั้นต่ำ | T1: =IFERROR(__xludf.DUMMYFUNCTION("""COMPUTED_VALUE"""),"สถานะการเติมสินค้า") -> สถานะการเติมสินค้า | V1: กลุ่มสินค้า | W1: มูลค่ารวม
D2: ต้นทุนสินค้า | E2: =-1*SUMIF('💰 Transaction ขาย'!J:J,B1,'💰 Transaction ขาย'!G:G) -> #VALUE! | G2: เป้าหมาย | H2: =vlookup(B1,'เป้าหมายยอดขาย'!A:B,2,false) -> 50000 | J2: =IFERROR(__xludf.DUMMYFUNCTION("UNIQUE(FILTER('💰 Transaction ขาย'!K:K,'💰 Transaction ขาย'!J:J=B1))"),"รุ่นสีอ่อน") -> รุ่นสีอ่อน | K2: =IF(J2<>"",SUMIFS('💰 Transaction ขาย'!$F:$F,'💰 Transaction ขาย'!$K:$K,$J2,'💰 Transaction ขาย'!$J:$J,$B$1),"") -> 24450 | M2: =IFERROR(__xludf.DUMMYFUNCTION("""COMPUTED_VALUE"""),"111 เงินเงา") -> 111 เงินเงา | N2: =IFERROR(__xludf.DUMMYFUNCTION("""COMPUTED_VALUE"""),335.0) -> 335 | O2: =IFERROR(__xludf.DUMMYFUNCTION("""COMPUTED_VALUE"""),83750.0) -> 83750 | Q2: =IFERROR(__xludf.DUMMYFUNCTION("""COMPUTED_VALUE"""),"863 ฟ้าพาสเทลเข้ม") -> 863 ฟ้าพาสเทลเข้ม | R2: =IFERROR(__xludf.DUMMYFUNCTION("""COMPUTED_VALUE"""),68.0) -> 68 | S2: =IFERROR(__xludf.DUMMYFUNCTION("""COMPUTED_VALUE"""),81.0) -> 81 | T2: =IFERROR(__xludf.DUMMYFUNCTION("""COMPUTED_VALUE"""),"ควรเติมทันที") -> ควรเติมทันที | V2: {=UNIQUE('📦 ชื่อสินค้า'!F2:F1500)} -> รุ่นสีอ่อน | W2: =IF(V2<>"",SUMIFS('📊 รายงานสินค้าคงเหลือ'!G:G,'📊 รายงานสินค้าคงเหลือ'!D:D,V2),"") -> 286772.04
D3: กำไรขั้นต้น | E3: =E1+E2 -> #VALUE! | G3: ยอดขาย | H3: =E1 -> 24450 | K3: =IF(J3<>"",SUMIFS('💰 Transaction ขาย'!$F:$F,'💰 Transaction ขาย'!$K:$K,$J3,'💰 Transaction ขาย'!$J:$J,$B$1),"") | M3: =IFERROR(__xludf.DUMMYFUNCTION("""COMPUTED_VALUE"""),"112 เงินด้าน") -> 112 เงินด้าน | N3: =IFERROR(__xludf.DUMMYFUNCTION("""COMPUTED_VALUE"""),335.0) -> 335 | O3: =IFERROR(__xludf.DUMMYFUNCTION("""COMPUTED_VALUE"""),83750.0) -> 83750 | Q3: =IFERROR(__xludf.DUMMYFUNCTION("""COMPUTED_VALUE"""),"881 เปลือกไม้ รุ่นหยัก") -> 881 เปลือกไม้ รุ่นหยัก | R3: =IFERROR(__xludf.DUMMYFUNCTION("""COMPUTED_VALUE"""),-1.0) -> -1 | S3: =IFERROR(__xludf.DUMMYFUNCTION("""COMPUTED_VALUE"""),5.0) -> 5 | T3: =IFERROR(__xludf.DUMMYFUNCTION("""COMPUTED_VALUE"""),"สินค้าหมด") -> สินค้าหมด | V3: รุ่นสีพิเศษ A | W3: =IF(V3<>"",SUMIFS('📊 รายงานสินค้าคงเหลือ'!G:G,'📊 รายงานสินค้าคงเหลือ'!D:D,V3),"") -> 167500
D4: กำไรขั้นต้น% | E4: =E3/E1 -> #VALUE! | G4: % | H4: =H3/H2 -> 0.489 | K4: =IF(J4<>"",SUMIFS('💰 Transaction ขาย'!$F:$F,'💰 Transaction ขาย'!$K:$K,$J4,'💰 Transaction ขาย'!$J:$J,$B$1),"") | M4: =IFERROR(__xludf.DUMMYFUNCTION("""COMPUTED_VALUE"""),"510 ขาวธรรมชาติ") -> 510 ขาวธรรมชาติ | N4: =IFERROR(__xludf.DUMMYFUNCTION("""COMPUTED_VALUE"""),885.0) -> 885 | O4: =IFERROR(__xludf.DUMMYFUNCTION("""COMPUTED_VALUE"""),74692.04419889503) -> 74692.044 | Q4: =IFERROR(__xludf.DUMMYFUNCTION("""COMPUTED_VALUE"""),"853 ชมพูพาสเทล") -> 853 ชมพูพาสเทล | R4: =IFERROR(__xludf.DUMMYFUNCTION("""COMPUTED_VALUE"""),-11.0) -> -11 | S4: =IFERROR(__xludf.DUMMYFUNCTION("""COMPUTED_VALUE"""),5.0) -> 5 | T4: =IFERROR(__xludf.DUMMYFUNCTION("""COMPUTED_VALUE"""),"สินค้าหมด") -> สินค้าหมด | V4: รุ่นหยัก | W4: =IF(V4<>"",SUMIFS('📊 รายงานสินค้าคงเหลือ'!G:G,'📊 รายงานสินค้าคงเหลือ'!D:D,V4),"") -> 0
K5: =IF(J5<>"",SUMIFS('💰 Transaction ขาย'!$F:$F,'💰 Transaction ขาย'!$K:$K,$J5,'💰 Transaction ขาย'!$J:$J,$B$1),"") | M5: =IFERROR(__xludf.DUMMYFUNCTION("""COMPUTED_VALUE"""),"521 ครีม") -> 521 ครีม | N5: =IFERROR(__xludf.DUMMYFUNCTION("""COMPUTED_VALUE"""),927.0) -> 927 | O5: =IFERROR(__xludf.DUMMYFUNCTION("""COMPUTED_VALUE"""),74160.0) -> 74160 | Q5: =IFERROR(__xludf.DUMMYFUNCTION("""COMPUTED_VALUE"""),"862 ฟ้า PT อ่อน") -> 862 ฟ้า PT อ่อน | R5: =IFERROR(__xludf.DUMMYFUNCTION("""COMPUTED_VALUE"""),-14.0) -> -14 | S5: =IFERROR(__xludf.DUMMYFUNCTION("""COMPUTED_VALUE"""),5.0) -> 5 | T5: =IFERROR(__xludf.DUMMYFUNCTION("""COMPUTED_VALUE"""),"สินค้าหมด") -> สินค้าหมด | W5: =IF(V5<>"",SUMIFS('📊 รายงานสินค้าคงเหลือ'!G:G,'📊 รายงานสินค้าคงเหลือ'!D:D,V5),"")
K6: =IF(J6<>"",SUMIFS('💰 Transaction ขาย'!$F:$F,'💰 Transaction ขาย'!$K:$K,$J6,'💰 Transaction ขาย'!$J:$J,$B$1),"") | M6: =IFERROR(__xludf.DUMMYFUNCTION("""COMPUTED_VALUE"""),"551 ชมพูอ่อน") -> 551 ชมพูอ่อน | N6: =IFERROR(__xludf.DUMMYFUNCTION("""COMPUTED_VALUE"""),473.0) -> 473 | O6: =IFERROR(__xludf.DUMMYFUNCTION("""COMPUTED_VALUE"""),37840.0) -> 37840 | Q6: =IFERROR(__xludf.DUMMYFUNCTION("""COMPUTED_VALUE"""),"863 ฟ้า PT เข้ม") -> 863 ฟ้า PT เข้ม | R6: =IFERROR(__xludf.DUMMYFUNCTION("""COMPUTED_VALUE"""),0.0) -> 0 | S6: =IFERROR(__xludf.DUMMYFUNCTION("""COMPUTED_VALUE"""),5.0) -> 5 | T6: =IFERROR(__xludf.DUMMYFUNCTION("""COMPUTED_VALUE"""),"สินค้าหมด") -> สินค้าหมด | W6: =IF(V6<>"",SUMIFS('📊 รายงานสินค้าคงเหลือ'!G:G,'📊 รายงานสินค้าคงเหลือ'!D:D,V6),"")
K7: =IF(J7<>"",SUMIFS('💰 Transaction ขาย'!$F:$F,'💰 Transaction ขาย'!$K:$K,$J7,'💰 Transaction ขาย'!$J:$J,$B$1),"") | M7: =IFERROR(__xludf.DUMMYFUNCTION("""COMPUTED_VALUE"""),"881 เปลือกไม้") -> 881 เปลือกไม้ | N7: =IFERROR(__xludf.DUMMYFUNCTION("""COMPUTED_VALUE"""),414.0) -> 414 | O7: =IFERROR(__xludf.DUMMYFUNCTION("""COMPUTED_VALUE"""),33120.0) -> 33120 | Q7: =IFERROR(__xludf.DUMMYFUNCTION("""COMPUTED_VALUE"""),"522 เหลืองอ่อน") -> 522 เหลืองอ่อน | R7: =IFERROR(__xludf.DUMMYFUNCTION("""COMPUTED_VALUE"""),-10.0) -> -10 | S7: =IFERROR(__xludf.DUMMYFUNCTION("""COMPUTED_VALUE"""),5.0) -> 5 | T7: =IFERROR(__xludf.DUMMYFUNCTION("""COMPUTED_VALUE"""),"สินค้าหมด") -> สินค้าหมด | W7: =IF(V7<>"",SUMIFS('📊 รายงานสินค้าคงเหลือ'!G:G,'📊 รายงานสินค้าคงเหลือ'!D:D,V7),"")
K8: =IF(J8<>"",SUMIFS('💰 Transaction ขาย'!$F:$F,'💰 Transaction ขาย'!$K:$K,$J8,'💰 Transaction ขาย'!$J:$J,$B$1),"") | M8: =IFERROR(__xludf.DUMMYFUNCTION("""COMPUTED_VALUE"""),"860 ม่วงอ่อน") -> 860 ม่วงอ่อน | N8: =IFERROR(__xludf.DUMMYFUNCTION("""COMPUTED_VALUE"""),188.0) -> 188 | O8: =IFERROR(__xludf.DUMMYFUNCTION("""COMPUTED_VALUE"""),15040.0) -> 15040 | Q8: =IFERROR(__xludf.DUMMYFUNCTION("""COMPUTED_VALUE"""),"571 เขียวหยก") -> 571 เขียวหยก | R8: =IFERROR(__xludf.DUMMYFUNCTION("""COMPUTED_VALUE"""),-10.0) -> -10 | S8: =IFERROR(__xludf.DUMMYFUNCTION("""COMPUTED_VALUE"""),5.0) -> 5 | T8: =IFERROR(__xludf.DUMMYFUNCTION("""COMPUTED_VALUE"""),"สินค้าหมด") -> สินค้าหมด | W8: =IF(V8<>"",SUMIFS('📊 รายงานสินค้าคงเหลือ'!G:G,'📊 รายงานสินค้าคงเหลือ'!D:D,V8),"")
K9: =IF(J9<>"",SUMIFS('💰 Transaction ขาย'!$F:$F,'💰 Transaction ขาย'!$K:$K,$J9,'💰 Transaction ขาย'!$J:$J,$B$1),"") | M9: =IFERROR(__xludf.DUMMYFUNCTION("""COMPUTED_VALUE"""),"552 ชมพูเข้ม") -> 552 ชมพูเข้ม | N9: =IFERROR(__xludf.DUMMYFUNCTION("""COMPUTED_VALUE"""),150.0) -> 150 | O9: =IFERROR(__xludf.DUMMYFUNCTION("""COMPUTED_VALUE"""),12000.0) -> 12000 | Q9: =IFERROR(__xludf.DUMMYFUNCTION("""COMPUTED_VALUE"""),"882 กาแฟ") -> 882 กาแฟ | R9: =IFERROR(__xludf.DUMMYFUNCTION("""COMPUTED_VALUE"""),-10.0) -> -10 | S9: =IFERROR(__xludf.DUMMYFUNCTION("""COMPUTED_VALUE"""),5.0) -> 5 | T9: =IFERROR(__xludf.DUMMYFUNCTION("""COMPUTED_VALUE"""),"สินค้าหมด") -> สินค้าหมด | W9: =IF(V9<>"",SUMIFS('📊 รายงานสินค้าคงเหลือ'!G:G,'📊 รายงานสินค้าคงเหลือ'!D:D,V9),"")
K10: =IF(J10<>"",SUMIFS('💰 Transaction ขาย'!$F:$F,'💰 Transaction ขาย'!$K:$K,$J10,'💰 Transaction ขาย'!$J:$J,$B$1),"") | M10: =IFERROR(__xludf.DUMMYFUNCTION("""COMPUTED_VALUE"""),"861 ฟ้าอ่อน") -> 861 ฟ้าอ่อน | N10: =IFERROR(__xludf.DUMMYFUNCTION("""COMPUTED_VALUE"""),114.0) -> 114 | O10: =IFERROR(__xludf.DUMMYFUNCTION("""COMPUTED_VALUE"""),10260.0) -> 10260 | Q10: =IFERROR(__xludf.DUMMYFUNCTION("""COMPUTED_VALUE"""),"511 กรีนรีด") -> 511 กรีนรีด | R10: =IFERROR(__xludf.DUMMYFUNCTION("""COMPUTED_VALUE"""),0.0) -> 0 | S10: =IFERROR(__xludf.DUMMYFUNCTION("""COMPUTED_VALUE"""),5.0) -> 5 | T10: =IFERROR(__xludf.DUMMYFUNCTION("""COMPUTED_VALUE"""),"สินค้าหมด") -> สินค้าหมด | W10: =IF(V10<>"",SUMIFS('📊 รายงานสินค้าคงเหลือ'!G:G,'📊 รายงานสินค้าคงเหลือ'!D:D,V10),"")
K11: =IF(J11<>"",SUMIFS('💰 Transaction ขาย'!$F:$F,'💰 Transaction ขาย'!$K:$K,$J11,'💰 Transaction ขาย'!$J:$J,$B$1),"") | M11: =IFERROR(__xludf.DUMMYFUNCTION("""COMPUTED_VALUE"""),"591 เทาอ่อน") -> 591 เทาอ่อน | N11: =IFERROR(__xludf.DUMMYFUNCTION("""COMPUTED_VALUE"""),130.0) -> 130 | O11: =IFERROR(__xludf.DUMMYFUNCTION("""COMPUTED_VALUE"""),9100.0) -> 9100 | W11: =IF(V11<>"",SUMIFS('📊 รายงานสินค้าคงเหลือ'!G:G,'📊 รายงานสินค้าคงเหลือ'!D:D,V11),"")
K12: =IF(J12<>"",SUMIFS('💰 Transaction ขาย'!$F:$F,'💰 Transaction ขาย'!$K:$K,$J12,'💰 Transaction ขาย'!$J:$J,$B$1),"") | W12: =IF(V12<>"",SUMIFS('📊 รายงานสินค้าคงเหลือ'!G:G,'📊 รายงานสินค้าคงเหลือ'!D:D,V12),"")
K13: =IF(J13<>"",SUMIFS('💰 Transaction ขาย'!$F:$F,'💰 Transaction ขาย'!$K:$K,$J13,'💰 Transaction ขาย'!$J:$J,$B$1),"") | W13: =IF(V13<>"",SUMIFS('📊 รายงานสินค้าคงเหลือ'!G:G,'📊 รายงานสินค้าคงเหลือ'!D:D,V13),"")
K14: =IF(J14<>"",SUMIFS('💰 Transaction ขาย'!$F:$F,'💰 Transaction ขาย'!$K:$K,$J14,'💰 Transaction ขาย'!$J:$J,$B$1),"") | W14: =IF(V14<>"",SUMIFS('📊 รายงานสินค้าคงเหลือ'!G:G,'📊 รายงานสินค้าคงเหลือ'!D:D,V14),"")
K15: =IF(J15<>"",SUMIFS('💰 Transaction ขาย'!$F:$F,'💰 Transaction ขาย'!$K:$K,$J15,'💰 Transaction ขาย'!$J:$J,$B$1),"") | W15: =IF(V15<>"",SUMIFS('📊 รายงานสินค้าคงเหลือ'!G:G,'📊 รายงานสินค้าคงเหลือ'!D:D,V15),"")
K16: =IF(J16<>"",SUMIFS('💰 Transaction ขาย'!$F:$F,'💰 Transaction ขาย'!$K:$K,$J16,'💰 Transaction ขาย'!$J:$J,$B$1),"") | W16: =IF(V16<>"",SUMIFS('📊 รายงานสินค้าคงเหลือ'!G:G,'📊 รายงานสินค้าคงเหลือ'!D:D,V16),"")
K17: =IF(J17<>"",SUMIFS('💰 Transaction ขาย'!$F:$F,'💰 Transaction ขาย'!$K:$K,$J17,'💰 Transaction ขาย'!$J:$J,$B$1),"") | W17: =IF(V17<>"",SUMIFS('📊 รายงานสินค้าคงเหลือ'!G:G,'📊 รายงานสินค้าคงเหลือ'!D:D,V17),"")
K18: =IF(J18<>"",SUMIFS('💰 Transaction ขาย'!$F:$F,'💰 Transaction ขาย'!$K:$K,$J18,'💰 Transaction ขาย'!$J:$J,$B$1),"") | W18: =IF(V18<>"",SUMIFS('📊 รายงานสินค้าคงเหลือ'!G:G,'📊 รายงานสินค้าคงเหลือ'!D:D,V18),"")
K19: =IF(J19<>"",SUMIFS('💰 Transaction ขาย'!$F:$F,'💰 Transaction ขาย'!$K:$K,$J19,'💰 Transaction ขาย'!$J:$J,$B$1),"") | W19: =IF(V19<>"",SUMIFS('📊 รายงานสินค้าคงเหลือ'!G:G,'📊 รายงานสินค้าคงเหลือ'!D:D,V19),"")
K20: =IF(J20<>"",SUMIFS('💰 Transaction ขาย'!$F:$F,'💰 Transaction ขาย'!$K:$K,$J20,'💰 Transaction ขาย'!$J:$J,$B$1),"") | W20: =IF(V20<>"",SUMIFS('📊 รายงานสินค้าคงเหลือ'!G:G,'📊 รายงานสินค้าคงเหลือ'!D:D,V20),"")
K21: =IF(J21<>"",SUMIFS('💰 Transaction ขาย'!$F:$F,'💰 Transaction ขาย'!$K:$K,$J21,'💰 Transaction ขาย'!$J:$J,$B$1),"") | W21: =IF(V21<>"",SUMIFS('📊 รายงานสินค้าคงเหลือ'!G:G,'📊 รายงานสินค้าคงเหลือ'!D:D,V21),"")
K22: =IF(J22<>"",SUMIFS('💰 Transaction ขาย'!$F:$F,'💰 Transaction ขาย'!$K:$K,$J22,'💰 Transaction ขาย'!$J:$J,$B$1),"") | W22: =IF(V22<>"",SUMIFS('📊 รายงานสินค้าคงเหลือ'!G:G,'📊 รายงานสินค้าคงเหลือ'!D:D,V22),"")
K23: =IF(J23<>"",SUMIFS('💰 Transaction ขาย'!$F:$F,'💰 Transaction ขาย'!$K:$K,$J23,'💰 Transaction ขาย'!$J:$J,$B$1),"") | W23: =IF(V23<>"",SUMIFS('📊 รายงานสินค้าคงเหลือ'!G:G,'📊 รายงานสินค้าคงเหลือ'!D:D,V23),"")
... K999: =IF(J999<>"",SUMIFS('💰 Transaction ขาย'!$F:$F,'💰 Transaction ขาย'!$K:$K,$J999,'💰 Transaction ขาย'!$J:$J,$B$1),"") | W999: =IF(V999<>"",SUMIFS('📊 รายงานสินค้าคงเหลือ'!G:G,'📊 รายงานสินค้าคงเหลือ'!D:D,V999),"")
W1000: =IF(V1000<>"",SUMIFS('📊 รายงานสินค้าคงเหลือ'!G:G,'📊 รายงานสินค้าคงเหลือ'!D:D,V1000),"")
W1001: =IF(V1001<>"",SUMIFS('📊 รายงานสินค้าคงเหลือ'!G:G,'📊 รายงานสินค้าคงเหลือ'!D:D,V1001),"")
W1002: =IF(V1002<>"",SUMIFS('📊 รายงานสินค้าคงเหลือ'!G:G,'📊 รายงานสินค้าคงเหลือ'!D:D,V1002),"")
W1003: =IF(V1003<>"",SUMIFS('📊 รายงานสินค้าคงเหลือ'!G:G,'📊 รายงานสินค้าคงเหลือ'!D:D,V1003),"")
W1004: =IF(V1004<>"",SUMIFS('📊 รายงานสินค้าคงเหลือ'!G:G,'📊 รายงานสินค้าคงเหลือ'!D:D,V1004),"")
W1005: =IF(V1005<>"",SUMIFS('📊 รายงานสินค้าคงเหลือ'!G:G,'📊 รายงานสินค้าคงเหลือ'!D:D,V1005),"")
W1006: =IF(V1006<>"",SUMIFS('📊 รายงานสินค้าคงเหลือ'!G:G,'📊 รายงานสินค้าคงเหลือ'!D:D,V1006),"")
W1007: =IF(V1007<>"",SUMIFS('📊 รายงานสินค้าคงเหลือ'!G:G,'📊 รายงานสินค้าคงเหลือ'!D:D,V1007),"")
W1008: =IF(V1008<>"",SUMIFS('📊 รายงานสินค้าคงเหลือ'!G:G,'📊 รายงานสินค้าคงเหลือ'!D:D,V1008),"")
W1009: =IF(V1009<>"",SUMIFS('📊 รายงานสินค้าคงเหลือ'!G:G,'📊 รายงานสินค้าคงเหลือ'!D:D,V1009),"")
W1010: =IF(V1010<>"",SUMIFS('📊 รายงานสินค้าคงเหลือ'!G:G,'📊 รายงานสินค้าคงเหลือ'!D:D,V1010),"")
W1011: =IF(V1011<>"",SUMIFS('📊 รายงานสินค้าคงเหลือ'!G:G,'📊 รายงานสินค้าคงเหลือ'!D:D,V1011),"")
... W1500: =IF(V1500<>"",SUMIFS('📊 รายงานสินค้าคงเหลือ'!G:G,'📊 รายงานสินค้าคงเหลือ'!D:D,V1500),"")

Sheet เป้าหมายยอดขาย
A1: Year-Month | B1: Target
A2: 2024-1 | B2: 50000
A3: 2024-2 | B3: 50000
A4: 2024-3 | B4: 50000
A5: 2024-4 | B5: 50000
A6: 2024-5 | B6: 50000
A7: 2024-6 | B7: 50000
A8: 2024-7 | B8: 50000
A9: 2024-8 | B9: 50000
A10: 2024-9 | B10: 50000
A11: 2024-10 | B11: 50000
A12: 2024-11 | B12: 50000
A13: 2024-12 | B13: 50000

Sheet ⚙️ Config
A1: กลุ่มสินค้า | C1: 1 | D1: มกราคม | E1: ม.ค. | G1: วันนี้วันที่ | H1: =TODAY() -> 46122 | K1: เลือกทั้งหมด
A2: เลือกทั้งหมด | C2: 2 | D2: กุมภาพันธ์ | E2: ก.พ. | G2: Daily Requirement Period (วัน) | H2: 30 | J2: 0 | K2: Fast Moving | L2: ="ตั้งแต่ "&J2&" ถึง "&J3-1 -> ตั้งแต่ 0 ถึง 7
A3: รุ่นสีอ่อน | C3: 3 | D3: มีนาคม | E3: มี.ค. | H3: =H1-H2 -> 46092 | J3: 8 | K3: Normal Moving | L3: ="ตั้งแต่ "&J3&" ถึง "&J4-1 -> ตั้งแต่ 8 ถึง 14
A4: รุ่นปุยนุ่น | C4: 4 | D4: เมษายน | E4: เม.ย. | J4: 15 | K4: Slow Moving | L4: ="ตั้งแต่ "&J4&" ถึง "&J5-1 -> ตั้งแต่ 15 ถึง 30
A5: รุ่นสีพิเศษ A | C5: 5 | D5: พฤษภาคม | E5: พ.ค. | J5: 31 | K5: Very Slow Moving | L5: ="ตั้งแต่ "&J5&" ถึง "&J6-1 -> ตั้งแต่ 31 ถึง 60
A6: รุ่นสีพิเศษ B | C6: 6 | D6: มิถุนายน | E6: มิ.ย. | J6: 61 | K6: Deadstock | L6: ="ตั้งแต่ "&J6&" เป็นต้นไป" -> ตั้งแต่ 61 เป็นต้นไป
A7: รุ่นหยัก | C7: 7 | D7: กรกฎาคม | E7: ก.ค.
C8: 8 | D8: สิงหาคม | E8: ส.ค.
C9: 9 | D9: กันยายน | E9: ก.ย.
C10: 10 | D10: ตุลาคม | E10: ต.ค.
C11: 11 | D11: พฤศจิกายน | E11: พ.ย.
C12: 12 | D12: ธันวาคม | E12: ธ.ค.
